14:04:48 **** Incremental Build of configuration Debug for project Motor_bridge ****
make -j18 all 
arm-none-eabi-gcc "../Middlewares/Third_Party/Agv/Kinematics/src/mecanum.c" -mcpu=cortex-m4 -std=gnu11 -g3 -DDEBUG -DUSE_HAL_DRIVER -DSTM32F407xx -DSTM32_THREAD_SAFE_STRATEGY=5 -c -I../Core/Inc -I../Drivers/STM32F4xx_HAL_Driver/Inc -I../Drivers/STM32F4xx_HAL_Driver/Inc/Legacy -I../Middlewares/Third_Party/FreeRTOS/Source/include -I../Middlewares/Third_Party/FreeRTOS/Source/CMSIS_RTOS_V2 -I../Middlewares/Third_Party/FreeRTOS/Source/portable/GCC/ARM_CM4F -I../Drivers/CMSIS/Device/ST/STM32F4xx/Include -I../Drivers/CMSIS/Include -I../Core/ThreadSafe -I"C:/Users/liushaw/Desktop/STM32F407/Motor_bridge/Middlewares/Third_Party/Agv/Core/include" -I"C:/Users/liushaw/Desktop/STM32F407/Motor_bridge/Middlewares/Third_Party/Agv/Factory/include" -I"C:/Users/liushaw/Desktop/STM32F407/Motor_bridge/Middlewares/Third_Party/Agv/Communication_pack/include" -I"C:/Users/liushaw/Desktop/STM32F407/Motor_bridge/Middlewares/Third_Party/Agv/Host_communication/include" -I"C:/Users/liushaw/Desktop/STM32F407/Motor_bridge/Middlewares/Third_Party/Agv/Motors/include" -I"C:/Users/liushaw/Desktop/STM32F407/Motor_bridge/Middlewares/Third_Party/Agv/Control/include" -I"C:/Users/liushaw/Desktop/STM32F407/Motor_bridge/Middlewares/Third_Party/Agv/Kinematics/include" -O0 -ffunction-sections -fdata-sections -Wall -fstack-usage -fcyclomatic-complexity -MMD -MP -MF"Middlewares/Third_Party/Agv/Kinematics/src/mecanum.d" -MT"Middlewares/Third_Party/Agv/Kinematics/src/mecanum.o" --specs=nano.specs -mfpu=fpv4-sp-d16 -mfloat-abi=hard -mthumb -o "Middlewares/Third_Party/Agv/Kinematics/src/mecanum.o"
arm-none-eabi-gcc "../Core/Src/freertos.c" -mcpu=cortex-m4 -std=gnu11 -g3 -DDEBUG -DUSE_HAL_DRIVER -DSTM32F407xx -DSTM32_THREAD_SAFE_STRATEGY=5 -c -I../Core/Inc -I../Drivers/STM32F4xx_HAL_Driver/Inc -I../Drivers/STM32F4xx_HAL_Driver/Inc/Legacy -I../Middlewares/Third_Party/FreeRTOS/Source/include -I../Middlewares/Third_Party/FreeRTOS/Source/CMSIS_RTOS_V2 -I../Middlewares/Third_Party/FreeRTOS/Source/portable/GCC/ARM_CM4F -I../Drivers/CMSIS/Device/ST/STM32F4xx/Include -I../Drivers/CMSIS/Include -I../Core/ThreadSafe -I"C:/Users/liushaw/Desktop/STM32F407/Motor_bridge/Middlewares/Third_Party/Agv/Core/include" -I"C:/Users/liushaw/Desktop/STM32F407/Motor_bridge/Middlewares/Third_Party/Agv/Factory/include" -I"C:/Users/liushaw/Desktop/STM32F407/Motor_bridge/Middlewares/Third_Party/Agv/Communication_pack/include" -I"C:/Users/liushaw/Desktop/STM32F407/Motor_bridge/Middlewares/Third_Party/Agv/Host_communication/include" -I"C:/Users/liushaw/Desktop/STM32F407/Motor_bridge/Middlewares/Third_Party/Agv/Motors/include" -I"C:/Users/liushaw/Desktop/STM32F407/Motor_bridge/Middlewares/Third_Party/Agv/Control/include" -I"C:/Users/liushaw/Desktop/STM32F407/Motor_bridge/Middlewares/Third_Party/Agv/Kinematics/include" -O0 -ffunction-sections -fdata-sections -Wall -fstack-usage -fcyclomatic-complexity -MMD -MP -MF"Core/Src/freertos.d" -MT"Core/Src/freertos.o" --specs=nano.specs -mfpu=fpv4-sp-d16 -mfloat-abi=hard -mthumb -o "Core/Src/freertos.o"
../Middlewares/Third_Party/Agv/Kinematics/src/mecanum.c: In function 'Kinematics_mecanum_create':
../Middlewares/Third_Party/Agv/Kinematics/src/mecanum.c:49:5: warning: implicit declaration of function 'LOG' [-Wimplicit-function-declaration]
   49 |     LOG(out->name, "Kinematics module created");
      |     ^~~
../Core/Src/freertos.c: In function 'AgvHeartbeatTask':
../Core/Src/freertos.c:191:9: warning: variable 'code' set but not used [-Wunused-but-set-variable]
  191 |     int code = AGV_OK;
      |         ^~~~
../Core/Src/freertos.c: In function 'AgvHostMsgCallbackTask':
../Core/Src/freertos.c:221:13: warning: unused variable 'code' [-Wunused-variable]
  221 |         int code = AgvCore_step_on_host_msg(s_agv_core);
      |             ^~~~
arm-none-eabi-gcc -o "Motor_bridge.elf" @"objects.list"   -mcpu=cortex-m4 -T"C:\Users\liushaw\Desktop\STM32F407\Motor_bridge\STM32F407VGTX_FLASH.ld" --specs=nosys.specs -Wl,-Map="Motor_bridge.map" -Wl,--gc-sections -static --specs=nano.specs -mfpu=fpv4-sp-d16 -mfloat-abi=hard -mthumb -u _printf_float -u _scanf_float -Wl,--start-group -lc -lm -Wl,--end-group
Finished building target: Motor_bridge.elf
 
arm-none-eabi-size  Motor_bridge.elf 
arm-none-eabi-objdump -h -S Motor_bridge.elf  > "Motor_bridge.list"
   text	   data	    bss	    dec	    hex	filename
  79388	    472	  72232	 152092	  2521c	Motor_bridge.elf
Finished building: default.size.stdout
 
Finished building: Motor_bridge.list
 
14:27:19 **** Build of configuration Debug for project Motor_bridge ****
make -j18 all 
arm-none-eabi-size  Motor_bridge.elf 
   text	   data	    bss	    dec	    hex	filename
  79388	    472	  72232	 152092	  2521c	Motor_bridge.elf
Finished building: default.size.stdout
 
14:28:11 **** Incremental Build of configuration Debug for project Motor_bridge ****
make -j18 all 
arm-none-eabi-size  Motor_bridge.elf 
   text	   data	    bss	    dec	    hex	filename
  79388	    472	  72232	 152092	  2521c	Motor_bridge.elf
Finished building: default.size.stdout
 
14:37:47 **** Incremental Build of configuration Debug for project Motor_bridge ****
make -j18 all 
arm-none-eabi-size  Motor_bridge.elf 
   text	   data	    bss	    dec	    hex	filename
  79388	    472	  72232	 152092	  2521c	Motor_bridge.elf
Finished building: default.size.stdout
 
14:42:21 **** Incremental Build of configuration Debug for project Motor_bridge ****
make -j18 all 
arm-none-eabi-size  Motor_bridge.elf 
   text	   data	    bss	    dec	    hex	filename
  79388	    472	  72232	 152092	  2521c	Motor_bridge.elf
Finished building: default.size.stdout
 
14:43:53 **** Incremental Build of configuration Debug for project Motor_bridge ****
make -j18 all 
arm-none-eabi-gcc "../Core/Src/joystick.c" -mcpu=cortex-m4 -std=gnu11 -g3 -DDEBUG -DUSE_HAL_DRIVER -DSTM32F407xx -DSTM32_THREAD_SAFE_STRATEGY=5 -c -I../Core/Inc -I../Drivers/STM32F4xx_HAL_Driver/Inc -I../Drivers/STM32F4xx_HAL_Driver/Inc/Legacy -I../Middlewares/Third_Party/FreeRTOS/Source/include -I../Middlewares/Third_Party/FreeRTOS/Source/CMSIS_RTOS_V2 -I../Middlewares/Third_Party/FreeRTOS/Source/portable/GCC/ARM_CM4F -I../Drivers/CMSIS/Device/ST/STM32F4xx/Include -I../Drivers/CMSIS/Include -I../Core/ThreadSafe -I"C:/Users/liushaw/Desktop/STM32F407/Motor_bridge/Middlewares/Third_Party/Agv/Core/include" -I"C:/Users/liushaw/Desktop/STM32F407/Motor_bridge/Middlewares/Third_Party/Agv/Factory/include" -I"C:/Users/liushaw/Desktop/STM32F407/Motor_bridge/Middlewares/Third_Party/Agv/Communication_pack/include" -I"C:/Users/liushaw/Desktop/STM32F407/Motor_bridge/Middlewares/Third_Party/Agv/Host_communication/include" -I"C:/Users/liushaw/Desktop/STM32F407/Motor_bridge/Middlewares/Third_Party/Agv/Motors/include" -I"C:/Users/liushaw/Desktop/STM32F407/Motor_bridge/Middlewares/Third_Party/Agv/Control/include" -I"C:/Users/liushaw/Desktop/STM32F407/Motor_bridge/Middlewares/Third_Party/Agv/Kinematics/include" -O0 -ffunction-sections -fdata-sections -Wall -fstack-usage -fcyclomatic-complexity -MMD -MP -MF"Core/Src/joystick.d" -MT"Core/Src/joystick.o" --specs=nano.specs -mfpu=fpv4-sp-d16 -mfloat-abi=hard -mthumb -o "Core/Src/joystick.o"
arm-none-eabi-gcc -o "Motor_bridge.elf" @"objects.list"   -mcpu=cortex-m4 -T"C:\Users\liushaw\Desktop\STM32F407\Motor_bridge\STM32F407VGTX_FLASH.ld" --specs=nosys.specs -Wl,-Map="Motor_bridge.map" -Wl,--gc-sections -static --specs=nano.specs -mfpu=fpv4-sp-d16 -mfloat-abi=hard -mthumb -u _printf_float -u _scanf_float -Wl,--start-group -lc -lm -Wl,--end-group
Finished building target: Motor_bridge.elf
 
arm-none-eabi-size  Motor_bridge.elf 
arm-none-eabi-objdump -h -S Motor_bridge.elf  > "Motor_bridge.list"
   text	   data	    bss	    dec	    hex	filename
  79388	    472	  72232	 152092	  2521c	Motor_bridge.elf
Finished building: default.size.stdout
 
Finished building: Motor_bridge.list
 
14:46:53 **** Incremental Build of configuration Debug for project Motor_bridge ****
make -j18 all 
arm-none-eabi-gcc "../Core/Src/joystick.c" -mcpu=cortex-m4 -std=gnu11 -g3 -DDEBUG -DUSE_HAL_DRIVER -DSTM32F407xx -DSTM32_THREAD_SAFE_STRATEGY=5 -c -I../Core/Inc -I../Drivers/STM32F4xx_HAL_Driver/Inc -I../Drivers/STM32F4xx_HAL_Driver/Inc/Legacy -I../Middlewares/Third_Party/FreeRTOS/Source/include -I../Middlewares/Third_Party/FreeRTOS/Source/CMSIS_RTOS_V2 -I../Middlewares/Third_Party/FreeRTOS/Source/portable/GCC/ARM_CM4F -I../Drivers/CMSIS/Device/ST/STM32F4xx/Include -I../Drivers/CMSIS/Include -I../Core/ThreadSafe -I"C:/Users/liushaw/Desktop/STM32F407/Motor_bridge/Middlewares/Third_Party/Agv/Core/include" -I"C:/Users/liushaw/Desktop/STM32F407/Motor_bridge/Middlewares/Third_Party/Agv/Factory/include" -I"C:/Users/liushaw/Desktop/STM32F407/Motor_bridge/Middlewares/Third_Party/Agv/Communication_pack/include" -I"C:/Users/liushaw/Desktop/STM32F407/Motor_bridge/Middlewares/Third_Party/Agv/Host_communication/include" -I"C:/Users/liushaw/Desktop/STM32F407/Motor_bridge/Middlewares/Third_Party/Agv/Motors/include" -I"C:/Users/liushaw/Desktop/STM32F407/Motor_bridge/Middlewares/Third_Party/Agv/Control/include" -I"C:/Users/liushaw/Desktop/STM32F407/Motor_bridge/Middlewares/Third_Party/Agv/Kinematics/include" -O0 -ffunction-sections -fdata-sections -Wall -fstack-usage -fcyclomatic-complexity -MMD -MP -MF"Core/Src/joystick.d" -MT"Core/Src/joystick.o" --specs=nano.specs -mfpu=fpv4-sp-d16 -mfloat-abi=hard -mthumb -o "Core/Src/joystick.o"
arm-none-eabi-gcc -o "Motor_bridge.elf" @"objects.list"   -mcpu=cortex-m4 -T"C:\Users\liushaw\Desktop\STM32F407\Motor_bridge\STM32F407VGTX_FLASH.ld" --specs=nosys.specs -Wl,-Map="Motor_bridge.map" -Wl,--gc-sections -static --specs=nano.specs -mfpu=fpv4-sp-d16 -mfloat-abi=hard -mthumb -u _printf_float -u _scanf_float -Wl,--start-group -lc -lm -Wl,--end-group
Finished building target: Motor_bridge.elf
 
arm-none-eabi-size  Motor_bridge.elf 
arm-none-eabi-objdump -h -S Motor_bridge.elf  > "Motor_bridge.list"
   text	   data	    bss	    dec	    hex	filename
  79404	    472	  72232	 152108	  2522c	Motor_bridge.elf
Finished building: default.size.stdout
 
Finished building: Motor_bridge.list
 
14:47:05 **** Incremental Build of configuration Debug for project Motor_bridge ****
make -j18 all 
arm-none-eabi-size  Motor_bridge.elf 
   text	   data	    bss	    dec	    hex	filename
  79404	    472	  72232	 152108	  2522c	Motor_bridge.elf
Finished building: default.size.stdout
 
14:47:24 **** Incremental Build of configuration Debug for project Motor_bridge ****
make -j18 all 
arm-none-eabi-size  Motor_bridge.elf 
   text	   data	    bss	    dec	    hex	filename
  79404	    472	  72232	 152108	  2522c	Motor_bridge.elf
Finished building: default.size.stdout
 
14:52:09 **** Incremental Build of configuration Debug for project Motor_bridge ****
make -j18 all 
arm-none-eabi-gcc "../Middlewares/Third_Party/Agv/Motors/src/blvr.c" -mcpu=cortex-m4 -std=gnu11 -g3 -DDEBUG -DUSE_HAL_DRIVER -DSTM32F407xx -DSTM32_THREAD_SAFE_STRATEGY=5 -c -I../Core/Inc -I../Drivers/STM32F4xx_HAL_Driver/Inc -I../Drivers/STM32F4xx_HAL_Driver/Inc/Legacy -I../Middlewares/Third_Party/FreeRTOS/Source/include -I../Middlewares/Third_Party/FreeRTOS/Source/CMSIS_RTOS_V2 -I../Middlewares/Third_Party/FreeRTOS/Source/portable/GCC/ARM_CM4F -I../Drivers/CMSIS/Device/ST/STM32F4xx/Include -I../Drivers/CMSIS/Include -I../Core/ThreadSafe -I"C:/Users/liushaw/Desktop/STM32F407/Motor_bridge/Middlewares/Third_Party/Agv/Core/include" -I"C:/Users/liushaw/Desktop/STM32F407/Motor_bridge/Middlewares/Third_Party/Agv/Factory/include" -I"C:/Users/liushaw/Desktop/STM32F407/Motor_bridge/Middlewares/Third_Party/Agv/Communication_pack/include" -I"C:/Users/liushaw/Desktop/STM32F407/Motor_bridge/Middlewares/Third_Party/Agv/Host_communication/include" -I"C:/Users/liushaw/Desktop/STM32F407/Motor_bridge/Middlewares/Third_Party/Agv/Motors/include" -I"C:/Users/liushaw/Desktop/STM32F407/Motor_bridge/Middlewares/Third_Party/Agv/Control/include" -I"C:/Users/liushaw/Desktop/STM32F407/Motor_bridge/Middlewares/Third_Party/Agv/Kinematics/include" -O0 -ffunction-sections -fdata-sections -Wall -fstack-usage -fcyclomatic-complexity -MMD -MP -MF"Middlewares/Third_Party/Agv/Motors/src/blvr.d" -MT"Middlewares/Third_Party/Agv/Motors/src/blvr.o" --specs=nano.specs -mfpu=fpv4-sp-d16 -mfloat-abi=hard -mthumb -o "Middlewares/Third_Party/Agv/Motors/src/blvr.o"
../Middlewares/Third_Party/Agv/Motors/src/blvr.c: In function 'rad_s_to_regVelUnit':
../Middlewares/Third_Party/Agv/Motors/src/blvr.c:497:21: warning: implicit declaration of function 'lroundf' [-Wimplicit-function-declaration]
  497 |     return (int32_t)lroundf(rpm_f / unit_rpm);
      |                     ^~~~~~~
../Middlewares/Third_Party/Agv/Motors/src/blvr.c:15:1: note: include '<math.h>' or provide a declaration of 'lroundf'
   14 | #include "semphr.h"
  +++ |+#include <math.h>
   15 | 
../Middlewares/Third_Party/Agv/Motors/src/blvr.c:497:21: warning: incompatible implicit declaration of built-in function 'lroundf' [-Wbuiltin-declaration-mismatch]
  497 |     return (int32_t)lroundf(rpm_f / unit_rpm);
      |                     ^~~~~~~
../Middlewares/Third_Party/Agv/Motors/src/blvr.c:497:21: note: include '<math.h>' or provide a declaration of 'lroundf'
../Middlewares/Third_Party/Agv/Motors/src/blvr.c: In function 'rad_to_regAngUnit':
../Middlewares/Third_Party/Agv/Motors/src/blvr.c:507:21: warning: incompatible implicit declaration of built-in function 'lroundf' [-Wbuiltin-declaration-mismatch]
  507 |     return (int32_t)lroundf(degree / unit_degree);
      |                     ^~~~~~~
../Middlewares/Third_Party/Agv/Motors/src/blvr.c:507:21: note: include '<math.h>' or provide a declaration of 'lroundf'
arm-none-eabi-gcc -o "Motor_bridge.elf" @"objects.list"   -mcpu=cortex-m4 -T"C:\Users\liushaw\Desktop\STM32F407\Motor_bridge\STM32F407VGTX_FLASH.ld" --specs=nosys.specs -Wl,-Map="Motor_bridge.map" -Wl,--gc-sections -static --specs=nano.specs -mfpu=fpv4-sp-d16 -mfloat-abi=hard -mthumb -u _printf_float -u _scanf_float -Wl,--start-group -lc -lm -Wl,--end-group
Finished building target: Motor_bridge.elf
 
arm-none-eabi-size  Motor_bridge.elf 
arm-none-eabi-objdump -h -S Motor_bridge.elf  > "Motor_bridge.list"
   text	   data	    bss	    dec	    hex	filename
  79516	    472	  72232	 152220	  2529c	Motor_bridge.elf
Finished building: default.size.stdout
 
Finished building: Motor_bridge.list
 
14:58:40 **** Incremental Build of configuration Debug for project Motor_bridge ****
make -j18 all 
arm-none-eabi-gcc "../Core/Src/freertos.c" -mcpu=cortex-m4 -std=gnu11 -g3 -DDEBUG -DUSE_HAL_DRIVER -DSTM32F407xx -DSTM32_THREAD_SAFE_STRATEGY=5 -c -I../Core/Inc -I../Drivers/STM32F4xx_HAL_Driver/Inc -I../Drivers/STM32F4xx_HAL_Driver/Inc/Legacy -I../Middlewares/Third_Party/FreeRTOS/Source/include -I../Middlewares/Third_Party/FreeRTOS/Source/CMSIS_RTOS_V2 -I../Middlewares/Third_Party/FreeRTOS/Source/portable/GCC/ARM_CM4F -I../Drivers/CMSIS/Device/ST/STM32F4xx/Include -I../Drivers/CMSIS/Include -I../Core/ThreadSafe -I"C:/Users/liushaw/Desktop/STM32F407/Motor_bridge/Middlewares/Third_Party/Agv/Core/include" -I"C:/Users/liushaw/Desktop/STM32F407/Motor_bridge/Middlewares/Third_Party/Agv/Factory/include" -I"C:/Users/liushaw/Desktop/STM32F407/Motor_bridge/Middlewares/Third_Party/Agv/Communication_pack/include" -I"C:/Users/liushaw/Desktop/STM32F407/Motor_bridge/Middlewares/Third_Party/Agv/Host_communication/include" -I"C:/Users/liushaw/Desktop/STM32F407/Motor_bridge/Middlewares/Third_Party/Agv/Motors/include" -I"C:/Users/liushaw/Desktop/STM32F407/Motor_bridge/Middlewares/Third_Party/Agv/Control/include" -I"C:/Users/liushaw/Desktop/STM32F407/Motor_bridge/Middlewares/Third_Party/Agv/Kinematics/include" -O0 -ffunction-sections -fdata-sections -Wall -fstack-usage -fcyclomatic-complexity -MMD -MP -MF"Core/Src/freertos.d" -MT"Core/Src/freertos.o" --specs=nano.specs -mfpu=fpv4-sp-d16 -mfloat-abi=hard -mthumb -o "Core/Src/freertos.o"
arm-none-eabi-gcc "../Core/Src/joystick.c" -mcpu=cortex-m4 -std=gnu11 -g3 -DDEBUG -DUSE_HAL_DRIVER -DSTM32F407xx -DSTM32_THREAD_SAFE_STRATEGY=5 -c -I../Core/Inc -I../Drivers/STM32F4xx_HAL_Driver/Inc -I../Drivers/STM32F4xx_HAL_Driver/Inc/Legacy -I../Middlewares/Third_Party/FreeRTOS/Source/include -I../Middlewares/Third_Party/FreeRTOS/Source/CMSIS_RTOS_V2 -I../Middlewares/Third_Party/FreeRTOS/Source/portable/GCC/ARM_CM4F -I../Drivers/CMSIS/Device/ST/STM32F4xx/Include -I../Drivers/CMSIS/Include -I../Core/ThreadSafe -I"C:/Users/liushaw/Desktop/STM32F407/Motor_bridge/Middlewares/Third_Party/Agv/Core/include" -I"C:/Users/liushaw/Desktop/STM32F407/Motor_bridge/Middlewares/Third_Party/Agv/Factory/include" -I"C:/Users/liushaw/Desktop/STM32F407/Motor_bridge/Middlewares/Third_Party/Agv/Communication_pack/include" -I"C:/Users/liushaw/Desktop/STM32F407/Motor_bridge/Middlewares/Third_Party/Agv/Host_communication/include" -I"C:/Users/liushaw/Desktop/STM32F407/Motor_bridge/Middlewares/Third_Party/Agv/Motors/include" -I"C:/Users/liushaw/Desktop/STM32F407/Motor_bridge/Middlewares/Third_Party/Agv/Control/include" -I"C:/Users/liushaw/Desktop/STM32F407/Motor_bridge/Middlewares/Third_Party/Agv/Kinematics/include" -O0 -ffunction-sections -fdata-sections -Wall -fstack-usage -fcyclomatic-complexity -MMD -MP -MF"Core/Src/joystick.d" -MT"Core/Src/joystick.o" --specs=nano.specs -mfpu=fpv4-sp-d16 -mfloat-abi=hard -mthumb -o "Core/Src/joystick.o"
../Core/Src/freertos.c: In function 'AgvHeartbeatTask':
../Core/Src/freertos.c:191:9: warning: variable 'code' set but not used [-Wunused-but-set-variable]
  191 |     int code = AGV_OK;
      |         ^~~~
../Core/Src/freertos.c: In function 'AgvHostMsgCallbackTask':
../Core/Src/freertos.c:221:13: warning: unused variable 'code' [-Wunused-variable]
  221 |         int code = AgvCore_step_on_host_msg(s_agv_core);
      |             ^~~~
arm-none-eabi-gcc -o "Motor_bridge.elf" @"objects.list"   -mcpu=cortex-m4 -T"C:\Users\liushaw\Desktop\STM32F407\Motor_bridge\STM32F407VGTX_FLASH.ld" --specs=nosys.specs -Wl,-Map="Motor_bridge.map" -Wl,--gc-sections -static --specs=nano.specs -mfpu=fpv4-sp-d16 -mfloat-abi=hard -mthumb -u _printf_float -u _scanf_float -Wl,--start-group -lc -lm -Wl,--end-group
Finished building target: Motor_bridge.elf
 
arm-none-eabi-size  Motor_bridge.elf 
arm-none-eabi-objdump -h -S Motor_bridge.elf  > "Motor_bridge.list"
   text	   data	    bss	    dec	    hex	filename
  79516	    472	  72232	 152220	  2529c	Motor_bridge.elf
Finished building: default.size.stdout
 
Finished building: Motor_bridge.list
 
14:59:53 **** Incremental Build of configuration Debug for project Motor_bridge ****
make -j18 all 
arm-none-eabi-size  Motor_bridge.elf 
   text	   data	    bss	    dec	    hex	filename
  79516	    472	  72232	 152220	  2529c	Motor_bridge.elf
Finished building: default.size.stdout
 
15:01:13 **** Incremental Build of configuration Debug for project Motor_bridge ****
make -j18 all 
arm-none-eabi-gcc "../Core/Src/joystick.c" -mcpu=cortex-m4 -std=gnu11 -g3 -DDEBUG -DUSE_HAL_DRIVER -DSTM32F407xx -DSTM32_THREAD_SAFE_STRATEGY=5 -c -I../Core/Inc -I../Drivers/STM32F4xx_HAL_Driver/Inc -I../Drivers/STM32F4xx_HAL_Driver/Inc/Legacy -I../Middlewares/Third_Party/FreeRTOS/Source/include -I../Middlewares/Third_Party/FreeRTOS/Source/CMSIS_RTOS_V2 -I../Middlewares/Third_Party/FreeRTOS/Source/portable/GCC/ARM_CM4F -I../Drivers/CMSIS/Device/ST/STM32F4xx/Include -I../Drivers/CMSIS/Include -I../Core/ThreadSafe -I"C:/Users/liushaw/Desktop/STM32F407/Motor_bridge/Middlewares/Third_Party/Agv/Core/include" -I"C:/Users/liushaw/Desktop/STM32F407/Motor_bridge/Middlewares/Third_Party/Agv/Factory/include" -I"C:/Users/liushaw/Desktop/STM32F407/Motor_bridge/Middlewares/Third_Party/Agv/Communication_pack/include" -I"C:/Users/liushaw/Desktop/STM32F407/Motor_bridge/Middlewares/Third_Party/Agv/Host_communication/include" -I"C:/Users/liushaw/Desktop/STM32F407/Motor_bridge/Middlewares/Third_Party/Agv/Motors/include" -I"C:/Users/liushaw/Desktop/STM32F407/Motor_bridge/Middlewares/Third_Party/Agv/Control/include" -I"C:/Users/liushaw/Desktop/STM32F407/Motor_bridge/Middlewares/Third_Party/Agv/Kinematics/include" -O0 -ffunction-sections -fdata-sections -Wall -fstack-usage -fcyclomatic-complexity -MMD -MP -MF"Core/Src/joystick.d" -MT"Core/Src/joystick.o" --specs=nano.specs -mfpu=fpv4-sp-d16 -mfloat-abi=hard -mthumb -o "Core/Src/joystick.o"
arm-none-eabi-gcc -o "Motor_bridge.elf" @"objects.list"   -mcpu=cortex-m4 -T"C:\Users\liushaw\Desktop\STM32F407\Motor_bridge\STM32F407VGTX_FLASH.ld" --specs=nosys.specs -Wl,-Map="Motor_bridge.map" -Wl,--gc-sections -static --specs=nano.specs -mfpu=fpv4-sp-d16 -mfloat-abi=hard -mthumb -u _printf_float -u _scanf_float -Wl,--start-group -lc -lm -Wl,--end-group
Finished building target: Motor_bridge.elf
 
arm-none-eabi-size  Motor_bridge.elf 
arm-none-eabi-objdump -h -S Motor_bridge.elf  > "Motor_bridge.list"
   text	   data	    bss	    dec	    hex	filename
  79516	    472	  72232	 152220	  2529c	Motor_bridge.elf
Finished building: default.size.stdout
 
Finished building: Motor_bridge.list
 
15:08:14 **** Incremental Build of configuration Debug for project Motor_bridge ****
make -j18 all 
arm-none-eabi-size  Motor_bridge.elf 
   text	   data	    bss	    dec	    hex	filename
  79516	    472	  72232	 152220	  2529c	Motor_bridge.elf
Finished building: default.size.stdout
 
15:10:16 **** Incremental Build of configuration Debug for project Motor_bridge ****
make -j18 all 
arm-none-eabi-gcc "../Core/Src/freertos.c" -mcpu=cortex-m4 -std=gnu11 -g3 -DDEBUG -DUSE_HAL_DRIVER -DSTM32F407xx -DSTM32_THREAD_SAFE_STRATEGY=5 -c -I../Core/Inc -I../Drivers/STM32F4xx_HAL_Driver/Inc -I../Drivers/STM32F4xx_HAL_Driver/Inc/Legacy -I../Middlewares/Third_Party/FreeRTOS/Source/include -I../Middlewares/Third_Party/FreeRTOS/Source/CMSIS_RTOS_V2 -I../Middlewares/Third_Party/FreeRTOS/Source/portable/GCC/ARM_CM4F -I../Drivers/CMSIS/Device/ST/STM32F4xx/Include -I../Drivers/CMSIS/Include -I../Core/ThreadSafe -I"C:/Users/liushaw/Desktop/STM32F407/Motor_bridge/Middlewares/Third_Party/Agv/Core/include" -I"C:/Users/liushaw/Desktop/STM32F407/Motor_bridge/Middlewares/Third_Party/Agv/Factory/include" -I"C:/Users/liushaw/Desktop/STM32F407/Motor_bridge/Middlewares/Third_Party/Agv/Communication_pack/include" -I"C:/Users/liushaw/Desktop/STM32F407/Motor_bridge/Middlewares/Third_Party/Agv/Host_communication/include" -I"C:/Users/liushaw/Desktop/STM32F407/Motor_bridge/Middlewares/Third_Party/Agv/Motors/include" -I"C:/Users/liushaw/Desktop/STM32F407/Motor_bridge/Middlewares/Third_Party/Agv/Control/include" -I"C:/Users/liushaw/Desktop/STM32F407/Motor_bridge/Middlewares/Third_Party/Agv/Kinematics/include" -O0 -ffunction-sections -fdata-sections -Wall -fstack-usage -fcyclomatic-complexity -MMD -MP -MF"Core/Src/freertos.d" -MT"Core/Src/freertos.o" --specs=nano.specs -mfpu=fpv4-sp-d16 -mfloat-abi=hard -mthumb -o "Core/Src/freertos.o"
arm-none-eabi-gcc "../Core/Src/joystick.c" -mcpu=cortex-m4 -std=gnu11 -g3 -DDEBUG -DUSE_HAL_DRIVER -DSTM32F407xx -DSTM32_THREAD_SAFE_STRATEGY=5 -c -I../Core/Inc -I../Drivers/STM32F4xx_HAL_Driver/Inc -I../Drivers/STM32F4xx_HAL_Driver/Inc/Legacy -I../Middlewares/Third_Party/FreeRTOS/Source/include -I../Middlewares/Third_Party/FreeRTOS/Source/CMSIS_RTOS_V2 -I../Middlewares/Third_Party/FreeRTOS/Source/portable/GCC/ARM_CM4F -I../Drivers/CMSIS/Device/ST/STM32F4xx/Include -I../Drivers/CMSIS/Include -I../Core/ThreadSafe -I"C:/Users/liushaw/Desktop/STM32F407/Motor_bridge/Middlewares/Third_Party/Agv/Core/include" -I"C:/Users/liushaw/Desktop/STM32F407/Motor_bridge/Middlewares/Third_Party/Agv/Factory/include" -I"C:/Users/liushaw/Desktop/STM32F407/Motor_bridge/Middlewares/Third_Party/Agv/Communication_pack/include" -I"C:/Users/liushaw/Desktop/STM32F407/Motor_bridge/Middlewares/Third_Party/Agv/Host_communication/include" -I"C:/Users/liushaw/Desktop/STM32F407/Motor_bridge/Middlewares/Third_Party/Agv/Motors/include" -I"C:/Users/liushaw/Desktop/STM32F407/Motor_bridge/Middlewares/Third_Party/Agv/Control/include" -I"C:/Users/liushaw/Desktop/STM32F407/Motor_bridge/Middlewares/Third_Party/Agv/Kinematics/include" -O0 -ffunction-sections -fdata-sections -Wall -fstack-usage -fcyclomatic-complexity -MMD -MP -MF"Core/Src/joystick.d" -MT"Core/Src/joystick.o" --specs=nano.specs -mfpu=fpv4-sp-d16 -mfloat-abi=hard -mthumb -o "Core/Src/joystick.o"
../Core/Src/freertos.c: In function 'AgvHeartbeatTask':
../Core/Src/freertos.c:191:9: warning: variable 'code' set but not used [-Wunused-but-set-variable]
  191 |     int code = AGV_OK;
      |         ^~~~
../Core/Src/freertos.c: In function 'AgvHostMsgCallbackTask':
../Core/Src/freertos.c:221:13: warning: unused variable 'code' [-Wunused-variable]
  221 |         int code = AgvCore_step_on_host_msg(s_agv_core);
      |             ^~~~
arm-none-eabi-gcc -o "Motor_bridge.elf" @"objects.list"   -mcpu=cortex-m4 -T"C:\Users\liushaw\Desktop\STM32F407\Motor_bridge\STM32F407VGTX_FLASH.ld" --specs=nosys.specs -Wl,-Map="Motor_bridge.map" -Wl,--gc-sections -static --specs=nano.specs -mfpu=fpv4-sp-d16 -mfloat-abi=hard -mthumb -u _printf_float -u _scanf_float -Wl,--start-group -lc -lm -Wl,--end-group
Finished building target: Motor_bridge.elf
 
arm-none-eabi-size  Motor_bridge.elf 
arm-none-eabi-objdump -h -S Motor_bridge.elf  > "Motor_bridge.list"
   text	   data	    bss	    dec	    hex	filename
  79516	    472	  72232	 152220	  2529c	Motor_bridge.elf
Finished building: default.size.stdout
 
Finished building: Motor_bridge.list
 
15:53:49 **** Incremental Build of configuration Debug for project Motor_bridge ****
make -j18 all 
arm-none-eabi-size  Motor_bridge.elf 
   text	   data	    bss	    dec	    hex	filename
  79516	    472	  72232	 152220	  2529c	Motor_bridge.elf
Finished building: default.size.stdout
 
15:56:17 **** Incremental Build of configuration Debug for project Motor_bridge ****
make -j18 all 
arm-none-eabi-gcc "../Middlewares/Third_Party/Agv/Motors/src/blvr.c" -mcpu=cortex-m4 -std=gnu11 -g3 -DDEBUG -DUSE_HAL_DRIVER -DSTM32F407xx -DSTM32_THREAD_SAFE_STRATEGY=5 -c -I../Core/Inc -I../Drivers/STM32F4xx_HAL_Driver/Inc -I../Drivers/STM32F4xx_HAL_Driver/Inc/Legacy -I../Middlewares/Third_Party/FreeRTOS/Source/include -I../Middlewares/Third_Party/FreeRTOS/Source/CMSIS_RTOS_V2 -I../Middlewares/Third_Party/FreeRTOS/Source/portable/GCC/ARM_CM4F -I../Drivers/CMSIS/Device/ST/STM32F4xx/Include -I../Drivers/CMSIS/Include -I../Core/ThreadSafe -I"C:/Users/liushaw/Desktop/STM32F407/Motor_bridge/Middlewares/Third_Party/Agv/Core/include" -I"C:/Users/liushaw/Desktop/STM32F407/Motor_bridge/Middlewares/Third_Party/Agv/Factory/include" -I"C:/Users/liushaw/Desktop/STM32F407/Motor_bridge/Middlewares/Third_Party/Agv/Communication_pack/include" -I"C:/Users/liushaw/Desktop/STM32F407/Motor_bridge/Middlewares/Third_Party/Agv/Host_communication/include" -I"C:/Users/liushaw/Desktop/STM32F407/Motor_bridge/Middlewares/Third_Party/Agv/Motors/include" -I"C:/Users/liushaw/Desktop/STM32F407/Motor_bridge/Middlewares/Third_Party/Agv/Control/include" -I"C:/Users/liushaw/Desktop/STM32F407/Motor_bridge/Middlewares/Third_Party/Agv/Kinematics/include" -O0 -ffunction-sections -fdata-sections -Wall -fstack-usage -fcyclomatic-complexity -MMD -MP -MF"Middlewares/Third_Party/Agv/Motors/src/blvr.d" -MT"Middlewares/Third_Party/Agv/Motors/src/blvr.o" --specs=nano.specs -mfpu=fpv4-sp-d16 -mfloat-abi=hard -mthumb -o "Middlewares/Third_Party/Agv/Motors/src/blvr.o"
../Middlewares/Third_Party/Agv/Motors/src/blvr.c: In function 'rad_s_to_regVelUnit':
../Middlewares/Third_Party/Agv/Motors/src/blvr.c:497:21: warning: implicit declaration of function 'lroundf' [-Wimplicit-function-declaration]
  497 |     return (int32_t)lroundf(rpm_f / unit_rpm);
      |                     ^~~~~~~
../Middlewares/Third_Party/Agv/Motors/src/blvr.c:15:1: note: include '<math.h>' or provide a declaration of 'lroundf'
   14 | #include "semphr.h"
  +++ |+#include <math.h>
   15 | 
../Middlewares/Third_Party/Agv/Motors/src/blvr.c:497:21: warning: incompatible implicit declaration of built-in function 'lroundf' [-Wbuiltin-declaration-mismatch]
  497 |     return (int32_t)lroundf(rpm_f / unit_rpm);
      |                     ^~~~~~~
../Middlewares/Third_Party/Agv/Motors/src/blvr.c:497:21: note: include '<math.h>' or provide a declaration of 'lroundf'
../Middlewares/Third_Party/Agv/Motors/src/blvr.c: In function 'rad_to_regAngUnit':
../Middlewares/Third_Party/Agv/Motors/src/blvr.c:507:21: warning: incompatible implicit declaration of built-in function 'lroundf' [-Wbuiltin-declaration-mismatch]
  507 |     return (int32_t)lroundf(degree / unit_degree);
      |                     ^~~~~~~
../Middlewares/Third_Party/Agv/Motors/src/blvr.c:507:21: note: include '<math.h>' or provide a declaration of 'lroundf'
arm-none-eabi-gcc -o "Motor_bridge.elf" @"objects.list"   -mcpu=cortex-m4 -T"C:\Users\liushaw\Desktop\STM32F407\Motor_bridge\STM32F407VGTX_FLASH.ld" --specs=nosys.specs -Wl,-Map="Motor_bridge.map" -Wl,--gc-sections -static --specs=nano.specs -mfpu=fpv4-sp-d16 -mfloat-abi=hard -mthumb -u _printf_float -u _scanf_float -Wl,--start-group -lc -lm -Wl,--end-group
Finished building target: Motor_bridge.elf
 
arm-none-eabi-size  Motor_bridge.elf 
arm-none-eabi-objdump -h -S Motor_bridge.elf  > "Motor_bridge.list"
   text	   data	    bss	    dec	    hex	filename
  79524	    472	  72232	 152228	  252a4	Motor_bridge.elf
Finished building: default.size.stdout
 
Finished building: Motor_bridge.list
 
15:57:16 **** Incremental Build of configuration Debug for project Motor_bridge ****
make -j18 all 
arm-none-eabi-gcc "../Middlewares/Third_Party/Agv/Motors/src/blvr.c" -mcpu=cortex-m4 -std=gnu11 -g3 -DDEBUG -DUSE_HAL_DRIVER -DSTM32F407xx -DSTM32_THREAD_SAFE_STRATEGY=5 -c -I../Core/Inc -I../Drivers/STM32F4xx_HAL_Driver/Inc -I../Drivers/STM32F4xx_HAL_Driver/Inc/Legacy -I../Middlewares/Third_Party/FreeRTOS/Source/include -I../Middlewares/Third_Party/FreeRTOS/Source/CMSIS_RTOS_V2 -I../Middlewares/Third_Party/FreeRTOS/Source/portable/GCC/ARM_CM4F -I../Drivers/CMSIS/Device/ST/STM32F4xx/Include -I../Drivers/CMSIS/Include -I../Core/ThreadSafe -I"C:/Users/liushaw/Desktop/STM32F407/Motor_bridge/Middlewares/Third_Party/Agv/Core/include" -I"C:/Users/liushaw/Desktop/STM32F407/Motor_bridge/Middlewares/Third_Party/Agv/Factory/include" -I"C:/Users/liushaw/Desktop/STM32F407/Motor_bridge/Middlewares/Third_Party/Agv/Communication_pack/include" -I"C:/Users/liushaw/Desktop/STM32F407/Motor_bridge/Middlewares/Third_Party/Agv/Host_communication/include" -I"C:/Users/liushaw/Desktop/STM32F407/Motor_bridge/Middlewares/Third_Party/Agv/Motors/include" -I"C:/Users/liushaw/Desktop/STM32F407/Motor_bridge/Middlewares/Third_Party/Agv/Control/include" -I"C:/Users/liushaw/Desktop/STM32F407/Motor_bridge/Middlewares/Third_Party/Agv/Kinematics/include" -O0 -ffunction-sections -fdata-sections -Wall -fstack-usage -fcyclomatic-complexity -MMD -MP -MF"Middlewares/Third_Party/Agv/Motors/src/blvr.d" -MT"Middlewares/Third_Party/Agv/Motors/src/blvr.o" --specs=nano.specs -mfpu=fpv4-sp-d16 -mfloat-abi=hard -mthumb -o "Middlewares/Third_Party/Agv/Motors/src/blvr.o"
../Middlewares/Third_Party/Agv/Motors/src/blvr.c: In function 'rad_s_to_regVelUnit':
../Middlewares/Third_Party/Agv/Motors/src/blvr.c:498:21: warning: implicit declaration of function 'lroundf' [-Wimplicit-function-declaration]
  498 |     return (int32_t)lroundf(rpm_f / unit_rpm);
      |                     ^~~~~~~
../Middlewares/Third_Party/Agv/Motors/src/blvr.c:15:1: note: include '<math.h>' or provide a declaration of 'lroundf'
   14 | #include "semphr.h"
  +++ |+#include <math.h>
   15 | 
../Middlewares/Third_Party/Agv/Motors/src/blvr.c:498:21: warning: incompatible implicit declaration of built-in function 'lroundf' [-Wbuiltin-declaration-mismatch]
  498 |     return (int32_t)lroundf(rpm_f / unit_rpm);
      |                     ^~~~~~~
../Middlewares/Third_Party/Agv/Motors/src/blvr.c:498:21: note: include '<math.h>' or provide a declaration of 'lroundf'
../Middlewares/Third_Party/Agv/Motors/src/blvr.c: In function 'rad_to_regAngUnit':
../Middlewares/Third_Party/Agv/Motors/src/blvr.c:508:21: warning: incompatible implicit declaration of built-in function 'lroundf' [-Wbuiltin-declaration-mismatch]
  508 |     return (int32_t)lroundf(degree / unit_degree);
      |                     ^~~~~~~
../Middlewares/Third_Party/Agv/Motors/src/blvr.c:508:21: note: include '<math.h>' or provide a declaration of 'lroundf'
arm-none-eabi-gcc -o "Motor_bridge.elf" @"objects.list"   -mcpu=cortex-m4 -T"C:\Users\liushaw\Desktop\STM32F407\Motor_bridge\STM32F407VGTX_FLASH.ld" --specs=nosys.specs -Wl,-Map="Motor_bridge.map" -Wl,--gc-sections -static --specs=nano.specs -mfpu=fpv4-sp-d16 -mfloat-abi=hard -mthumb -u _printf_float -u _scanf_float -Wl,--start-group -lc -lm -Wl,--end-group
Finished building target: Motor_bridge.elf
 
arm-none-eabi-size  Motor_bridge.elf 
arm-none-eabi-objdump -h -S Motor_bridge.elf  > "Motor_bridge.list"
   text	   data	    bss	    dec	    hex	filename
  79524	    472	  72232	 152228	  252a4	Motor_bridge.elf
Finished building: default.size.stdout
 
Finished building: Motor_bridge.list
 
15:58:31 **** Incremental Build of configuration Debug for project Motor_bridge ****
make -j18 all 
arm-none-eabi-size  Motor_bridge.elf 
   text	   data	    bss	    dec	    hex	filename
  79524	    472	  72232	 152228	  252a4	Motor_bridge.elf
Finished building: default.size.stdout
 
08:14:31 **** Build of configuration Debug for project Motor_bridge ****
make -j18 all 
arm-none-eabi-size  Motor_bridge.elf 
   text	   data	    bss	    dec	    hex	filename
  79524	    472	  72232	 152228	  252a4	Motor_bridge.elf
Finished building: default.size.stdout
 
08:14:41 **** Incremental Build of configuration Debug for project Motor_bridge ****
make -j18 all 
arm-none-eabi-size  Motor_bridge.elf 
   text	   data	    bss	    dec	    hex	filename
  79524	    472	  72232	 152228	  252a4	Motor_bridge.elf
Finished building: default.size.stdout
 
08:15:10 **** Incremental Build of configuration Debug for project Motor_bridge ****
make -j18 all 
arm-none-eabi-size  Motor_bridge.elf 
   text	   data	    bss	    dec	    hex	filename
  79524	    472	  72232	 152228	  252a4	Motor_bridge.elf
Finished building: default.size.stdout
 
08:20:15 **** Incremental Build of configuration Debug for project Motor_bridge ****
make -j18 all 
arm-none-eabi-size  Motor_bridge.elf 
   text	   data	    bss	    dec	    hex	filename
  79524	    472	  72232	 152228	  252a4	Motor_bridge.elf
Finished building: default.size.stdout
 
15:36:10 **** Incremental Build of configuration Debug for project Motor_bridge ****
make -j18 all 
arm-none-eabi-gcc "../Middlewares/Third_Party/Agv/Core/src/core.c" -mcpu=cortex-m4 -std=gnu11 -g3 -DDEBUG -DUSE_HAL_DRIVER -DSTM32F407xx -DSTM32_THREAD_SAFE_STRATEGY=5 -c -I../Core/Inc -I../Drivers/STM32F4xx_HAL_Driver/Inc -I../Drivers/STM32F4xx_HAL_Driver/Inc/Legacy -I../Middlewares/Third_Party/FreeRTOS/Source/include -I../Middlewares/Third_Party/FreeRTOS/Source/CMSIS_RTOS_V2 -I../Middlewares/Third_Party/FreeRTOS/Source/portable/GCC/ARM_CM4F -I../Drivers/CMSIS/Device/ST/STM32F4xx/Include -I../Drivers/CMSIS/Include -I../Core/ThreadSafe -I"C:/Users/liushaw/Desktop/STM32F407/Motor_bridge/Middlewares/Third_Party/Agv/Core/include" -I"C:/Users/liushaw/Desktop/STM32F407/Motor_bridge/Middlewares/Third_Party/Agv/Factory/include" -I"C:/Users/liushaw/Desktop/STM32F407/Motor_bridge/Middlewares/Third_Party/Agv/Communication_pack/include" -I"C:/Users/liushaw/Desktop/STM32F407/Motor_bridge/Middlewares/Third_Party/Agv/Host_communication/include" -I"C:/Users/liushaw/Desktop/STM32F407/Motor_bridge/Middlewares/Third_Party/Agv/Motors/include" -I"C:/Users/liushaw/Desktop/STM32F407/Motor_bridge/Middlewares/Third_Party/Agv/Control/include" -I"C:/Users/liushaw/Desktop/STM32F407/Motor_bridge/Middlewares/Third_Party/Agv/Kinematics/include" -O0 -ffunction-sections -fdata-sections -Wall -fstack-usage -fcyclomatic-complexity -MMD -MP -MF"Middlewares/Third_Party/Agv/Core/src/core.d" -MT"Middlewares/Third_Party/Agv/Core/src/core.o" --specs=nano.specs -mfpu=fpv4-sp-d16 -mfloat-abi=hard -mthumb -o "Middlewares/Third_Party/Agv/Core/src/core.o"
arm-none-eabi-gcc "../Core/Src/freertos.c" -mcpu=cortex-m4 -std=gnu11 -g3 -DDEBUG -DUSE_HAL_DRIVER -DSTM32F407xx -DSTM32_THREAD_SAFE_STRATEGY=5 -c -I../Core/Inc -I../Drivers/STM32F4xx_HAL_Driver/Inc -I../Drivers/STM32F4xx_HAL_Driver/Inc/Legacy -I../Middlewares/Third_Party/FreeRTOS/Source/include -I../Middlewares/Third_Party/FreeRTOS/Source/CMSIS_RTOS_V2 -I../Middlewares/Third_Party/FreeRTOS/Source/portable/GCC/ARM_CM4F -I../Drivers/CMSIS/Device/ST/STM32F4xx/Include -I../Drivers/CMSIS/Include -I../Core/ThreadSafe -I"C:/Users/liushaw/Desktop/STM32F407/Motor_bridge/Middlewares/Third_Party/Agv/Core/include" -I"C:/Users/liushaw/Desktop/STM32F407/Motor_bridge/Middlewares/Third_Party/Agv/Factory/include" -I"C:/Users/liushaw/Desktop/STM32F407/Motor_bridge/Middlewares/Third_Party/Agv/Communication_pack/include" -I"C:/Users/liushaw/Desktop/STM32F407/Motor_bridge/Middlewares/Third_Party/Agv/Host_communication/include" -I"C:/Users/liushaw/Desktop/STM32F407/Motor_bridge/Middlewares/Third_Party/Agv/Motors/include" -I"C:/Users/liushaw/Desktop/STM32F407/Motor_bridge/Middlewares/Third_Party/Agv/Control/include" -I"C:/Users/liushaw/Desktop/STM32F407/Motor_bridge/Middlewares/Third_Party/Agv/Kinematics/include" -O0 -ffunction-sections -fdata-sections -Wall -fstack-usage -fcyclomatic-complexity -MMD -MP -MF"Core/Src/freertos.d" -MT"Core/Src/freertos.o" --specs=nano.specs -mfpu=fpv4-sp-d16 -mfloat-abi=hard -mthumb -o "Core/Src/freertos.o"
../Core/Src/freertos.c: In function 'AgvHeartbeatTask':
../Core/Src/freertos.c:191:9: warning: variable 'code' set but not used [-Wunused-but-set-variable]
  191 |     int code = AGV_OK;
      |         ^~~~
../Core/Src/freertos.c: In function 'AgvHostMsgCallbackTask':
../Core/Src/freertos.c:221:13: warning: unused variable 'code' [-Wunused-variable]
  221 |         int code = AgvCore_step_on_host_msg(s_agv_core);
      |             ^~~~
arm-none-eabi-gcc -o "Motor_bridge.elf" @"objects.list"   -mcpu=cortex-m4 -T"C:\Users\liushaw\Desktop\STM32F407\Motor_bridge\STM32F407VGTX_FLASH.ld" --specs=nosys.specs -Wl,-Map="Motor_bridge.map" -Wl,--gc-sections -static --specs=nano.specs -mfpu=fpv4-sp-d16 -mfloat-abi=hard -mthumb -u _printf_float -u _scanf_float -Wl,--start-group -lc -lm -Wl,--end-group
Finished building target: Motor_bridge.elf
 
arm-none-eabi-size  Motor_bridge.elf 
arm-none-eabi-objdump -h -S Motor_bridge.elf  > "Motor_bridge.list"
   text	   data	    bss	    dec	    hex	filename
  79620	    472	  72232	 152324	  25304	Motor_bridge.elf
Finished building: default.size.stdout
 
Finished building: Motor_bridge.list
 
16:23:46 **** Incremental Build of configuration Debug for project Motor_bridge ****
make -j18 all 
arm-none-eabi-gcc "../Middlewares/Third_Party/Agv/Core/src/core.c" -mcpu=cortex-m4 -std=gnu11 -g3 -DDEBUG -DUSE_HAL_DRIVER -DSTM32F407xx -DSTM32_THREAD_SAFE_STRATEGY=5 -c -I../Core/Inc -I../Drivers/STM32F4xx_HAL_Driver/Inc -I../Drivers/STM32F4xx_HAL_Driver/Inc/Legacy -I../Middlewares/Third_Party/FreeRTOS/Source/include -I../Middlewares/Third_Party/FreeRTOS/Source/CMSIS_RTOS_V2 -I../Middlewares/Third_Party/FreeRTOS/Source/portable/GCC/ARM_CM4F -I../Drivers/CMSIS/Device/ST/STM32F4xx/Include -I../Drivers/CMSIS/Include -I../Core/ThreadSafe -I"C:/Users/liushaw/Desktop/STM32F407/Motor_bridge/Middlewares/Third_Party/Agv/Core/include" -I"C:/Users/liushaw/Desktop/STM32F407/Motor_bridge/Middlewares/Third_Party/Agv/Factory/include" -I"C:/Users/liushaw/Desktop/STM32F407/Motor_bridge/Middlewares/Third_Party/Agv/Communication_pack/include" -I"C:/Users/liushaw/Desktop/STM32F407/Motor_bridge/Middlewares/Third_Party/Agv/Host_communication/include" -I"C:/Users/liushaw/Desktop/STM32F407/Motor_bridge/Middlewares/Third_Party/Agv/Motors/include" -I"C:/Users/liushaw/Desktop/STM32F407/Motor_bridge/Middlewares/Third_Party/Agv/Control/include" -I"C:/Users/liushaw/Desktop/STM32F407/Motor_bridge/Middlewares/Third_Party/Agv/Kinematics/include" -O0 -ffunction-sections -fdata-sections -Wall -fstack-usage -fcyclomatic-complexity -MMD -MP -MF"Middlewares/Third_Party/Agv/Core/src/core.d" -MT"Middlewares/Third_Party/Agv/Core/src/core.o" --specs=nano.specs -mfpu=fpv4-sp-d16 -mfloat-abi=hard -mthumb -o "Middlewares/Third_Party/Agv/Core/src/core.o"
arm-none-eabi-gcc -o "Motor_bridge.elf" @"objects.list"   -mcpu=cortex-m4 -T"C:\Users\liushaw\Desktop\STM32F407\Motor_bridge\STM32F407VGTX_FLASH.ld" --specs=nosys.specs -Wl,-Map="Motor_bridge.map" -Wl,--gc-sections -static --specs=nano.specs -mfpu=fpv4-sp-d16 -mfloat-abi=hard -mthumb -u _printf_float -u _scanf_float -Wl,--start-group -lc -lm -Wl,--end-group
Finished building target: Motor_bridge.elf
 
arm-none-eabi-size  Motor_bridge.elf 
arm-none-eabi-objdump -h -S Motor_bridge.elf  > "Motor_bridge.list"
   text	   data	    bss	    dec	    hex	filename
  79620	    472	  72232	 152324	  25304	Motor_bridge.elf
Finished building: default.size.stdout
 
Finished building: Motor_bridge.list
 
16:25:44 **** Incremental Build of configuration Debug for project Motor_bridge ****
make -j18 all 
arm-none-eabi-gcc "../Middlewares/Third_Party/Agv/Kinematics/src/mecanum.c" -mcpu=cortex-m4 -std=gnu11 -g3 -DDEBUG -DUSE_HAL_DRIVER -DSTM32F407xx -DSTM32_THREAD_SAFE_STRATEGY=5 -c -I../Core/Inc -I../Drivers/STM32F4xx_HAL_Driver/Inc -I../Drivers/STM32F4xx_HAL_Driver/Inc/Legacy -I../Middlewares/Third_Party/FreeRTOS/Source/include -I../Middlewares/Third_Party/FreeRTOS/Source/CMSIS_RTOS_V2 -I../Middlewares/Third_Party/FreeRTOS/Source/portable/GCC/ARM_CM4F -I../Drivers/CMSIS/Device/ST/STM32F4xx/Include -I../Drivers/CMSIS/Include -I../Core/ThreadSafe -I"C:/Users/liushaw/Desktop/STM32F407/Motor_bridge/Middlewares/Third_Party/Agv/Core/include" -I"C:/Users/liushaw/Desktop/STM32F407/Motor_bridge/Middlewares/Third_Party/Agv/Factory/include" -I"C:/Users/liushaw/Desktop/STM32F407/Motor_bridge/Middlewares/Third_Party/Agv/Communication_pack/include" -I"C:/Users/liushaw/Desktop/STM32F407/Motor_bridge/Middlewares/Third_Party/Agv/Host_communication/include" -I"C:/Users/liushaw/Desktop/STM32F407/Motor_bridge/Middlewares/Third_Party/Agv/Motors/include" -I"C:/Users/liushaw/Desktop/STM32F407/Motor_bridge/Middlewares/Third_Party/Agv/Control/include" -I"C:/Users/liushaw/Desktop/STM32F407/Motor_bridge/Middlewares/Third_Party/Agv/Kinematics/include" -O0 -ffunction-sections -fdata-sections -Wall -fstack-usage -fcyclomatic-complexity -MMD -MP -MF"Middlewares/Third_Party/Agv/Kinematics/src/mecanum.d" -MT"Middlewares/Third_Party/Agv/Kinematics/src/mecanum.o" --specs=nano.specs -mfpu=fpv4-sp-d16 -mfloat-abi=hard -mthumb -o "Middlewares/Third_Party/Agv/Kinematics/src/mecanum.o"
../Middlewares/Third_Party/Agv/Kinematics/src/mecanum.c: In function 'Kinematics_mecanum_create':
../Middlewares/Third_Party/Agv/Kinematics/src/mecanum.c:49:5: warning: implicit declaration of function 'LOG' [-Wimplicit-function-declaration]
   49 |     LOG(out->name, "Kinematics module created");
      |     ^~~
arm-none-eabi-gcc -o "Motor_bridge.elf" @"objects.list"   -mcpu=cortex-m4 -T"C:\Users\liushaw\Desktop\STM32F407\Motor_bridge\STM32F407VGTX_FLASH.ld" --specs=nosys.specs -Wl,-Map="Motor_bridge.map" -Wl,--gc-sections -static --specs=nano.specs -mfpu=fpv4-sp-d16 -mfloat-abi=hard -mthumb -u _printf_float -u _scanf_float -Wl,--start-group -lc -lm -Wl,--end-group
Finished building target: Motor_bridge.elf
 
arm-none-eabi-size  Motor_bridge.elf 
arm-none-eabi-objdump -h -S Motor_bridge.elf  > "Motor_bridge.list"
   text	   data	    bss	    dec	    hex	filename
  79620	    472	  72232	 152324	  25304	Motor_bridge.elf
Finished building: default.size.stdout
 
Finished building: Motor_bridge.list
 
16:32:13 **** Incremental Build of configuration Debug for project Motor_bridge ****
make -j18 all 
arm-none-eabi-size  Motor_bridge.elf 
   text	   data	    bss	    dec	    hex	filename
  79620	    472	  72232	 152324	  25304	Motor_bridge.elf
Finished building: default.size.stdout
 
16:42:16 **** Incremental Build of configuration Debug for project Motor_bridge ****
make -j18 all 
arm-none-eabi-size  Motor_bridge.elf 
   text	   data	    bss	    dec	    hex	filename
  79620	    472	  72232	 152324	  25304	Motor_bridge.elf
Finished building: default.size.stdout
 
08:27:30 **** Build of configuration Debug for project Motor_bridge ****
make -j18 all 
arm-none-eabi-gcc "../Middlewares/Third_Party/Agv/Factory/src/agv_factory.c" -mcpu=cortex-m4 -std=gnu11 -g3 -DDEBUG -DUSE_HAL_DRIVER -DSTM32F407xx -DSTM32_THREAD_SAFE_STRATEGY=5 -c -I../Core/Inc -I../Drivers/STM32F4xx_HAL_Driver/Inc -I../Drivers/STM32F4xx_HAL_Driver/Inc/Legacy -I../Middlewares/Third_Party/FreeRTOS/Source/include -I../Middlewares/Third_Party/FreeRTOS/Source/CMSIS_RTOS_V2 -I../Middlewares/Third_Party/FreeRTOS/Source/portable/GCC/ARM_CM4F -I../Drivers/CMSIS/Device/ST/STM32F4xx/Include -I../Drivers/CMSIS/Include -I../Core/ThreadSafe -I"C:/Users/liushaw/Desktop/STM32F407/Motor_bridge/Middlewares/Third_Party/Agv/Core/include" -I"C:/Users/liushaw/Desktop/STM32F407/Motor_bridge/Middlewares/Third_Party/Agv/Factory/include" -I"C:/Users/liushaw/Desktop/STM32F407/Motor_bridge/Middlewares/Third_Party/Agv/Communication_pack/include" -I"C:/Users/liushaw/Desktop/STM32F407/Motor_bridge/Middlewares/Third_Party/Agv/Host_communication/include" -I"C:/Users/liushaw/Desktop/STM32F407/Motor_bridge/Middlewares/Third_Party/Agv/Motors/include" -I"C:/Users/liushaw/Desktop/STM32F407/Motor_bridge/Middlewares/Third_Party/Agv/Control/include" -I"C:/Users/liushaw/Desktop/STM32F407/Motor_bridge/Middlewares/Third_Party/Agv/Kinematics/include" -O0 -ffunction-sections -fdata-sections -Wall -fstack-usage -fcyclomatic-complexity -MMD -MP -MF"Middlewares/Third_Party/Agv/Factory/src/agv_factory.d" -MT"Middlewares/Third_Party/Agv/Factory/src/agv_factory.o" --specs=nano.specs -mfpu=fpv4-sp-d16 -mfloat-abi=hard -mthumb -o "Middlewares/Third_Party/Agv/Factory/src/agv_factory.o"
arm-none-eabi-gcc "../Middlewares/Third_Party/Agv/Control/src/passthrough.c" -mcpu=cortex-m4 -std=gnu11 -g3 -DDEBUG -DUSE_HAL_DRIVER -DSTM32F407xx -DSTM32_THREAD_SAFE_STRATEGY=5 -c -I../Core/Inc -I../Drivers/STM32F4xx_HAL_Driver/Inc -I../Drivers/STM32F4xx_HAL_Driver/Inc/Legacy -I../Middlewares/Third_Party/FreeRTOS/Source/include -I../Middlewares/Third_Party/FreeRTOS/Source/CMSIS_RTOS_V2 -I../Middlewares/Third_Party/FreeRTOS/Source/portable/GCC/ARM_CM4F -I../Drivers/CMSIS/Device/ST/STM32F4xx/Include -I../Drivers/CMSIS/Include -I../Core/ThreadSafe -I"C:/Users/liushaw/Desktop/STM32F407/Motor_bridge/Middlewares/Third_Party/Agv/Core/include" -I"C:/Users/liushaw/Desktop/STM32F407/Motor_bridge/Middlewares/Third_Party/Agv/Factory/include" -I"C:/Users/liushaw/Desktop/STM32F407/Motor_bridge/Middlewares/Third_Party/Agv/Communication_pack/include" -I"C:/Users/liushaw/Desktop/STM32F407/Motor_bridge/Middlewares/Third_Party/Agv/Host_communication/include" -I"C:/Users/liushaw/Desktop/STM32F407/Motor_bridge/Middlewares/Third_Party/Agv/Motors/include" -I"C:/Users/liushaw/Desktop/STM32F407/Motor_bridge/Middlewares/Third_Party/Agv/Control/include" -I"C:/Users/liushaw/Desktop/STM32F407/Motor_bridge/Middlewares/Third_Party/Agv/Kinematics/include" -O0 -ffunction-sections -fdata-sections -Wall -fstack-usage -fcyclomatic-complexity -MMD -MP -MF"Middlewares/Third_Party/Agv/Control/src/passthrough.d" -MT"Middlewares/Third_Party/Agv/Control/src/passthrough.o" --specs=nano.specs -mfpu=fpv4-sp-d16 -mfloat-abi=hard -mthumb -o "Middlewares/Third_Party/Agv/Control/src/passthrough.o"
arm-none-eabi-gcc "../Middlewares/Third_Party/Agv/Control/src/pid.c" -mcpu=cortex-m4 -std=gnu11 -g3 -DDEBUG -DUSE_HAL_DRIVER -DSTM32F407xx -DSTM32_THREAD_SAFE_STRATEGY=5 -c -I../Core/Inc -I../Drivers/STM32F4xx_HAL_Driver/Inc -I../Drivers/STM32F4xx_HAL_Driver/Inc/Legacy -I../Middlewares/Third_Party/FreeRTOS/Source/include -I../Middlewares/Third_Party/FreeRTOS/Source/CMSIS_RTOS_V2 -I../Middlewares/Third_Party/FreeRTOS/Source/portable/GCC/ARM_CM4F -I../Drivers/CMSIS/Device/ST/STM32F4xx/Include -I../Drivers/CMSIS/Include -I../Core/ThreadSafe -I"C:/Users/liushaw/Desktop/STM32F407/Motor_bridge/Middlewares/Third_Party/Agv/Core/include" -I"C:/Users/liushaw/Desktop/STM32F407/Motor_bridge/Middlewares/Third_Party/Agv/Factory/include" -I"C:/Users/liushaw/Desktop/STM32F407/Motor_bridge/Middlewares/Third_Party/Agv/Communication_pack/include" -I"C:/Users/liushaw/Desktop/STM32F407/Motor_bridge/Middlewares/Third_Party/Agv/Host_communication/include" -I"C:/Users/liushaw/Desktop/STM32F407/Motor_bridge/Middlewares/Third_Party/Agv/Motors/include" -I"C:/Users/liushaw/Desktop/STM32F407/Motor_bridge/Middlewares/Third_Party/Agv/Control/include" -I"C:/Users/liushaw/Desktop/STM32F407/Motor_bridge/Middlewares/Third_Party/Agv/Kinematics/include" -O0 -ffunction-sections -fdata-sections -Wall -fstack-usage -fcyclomatic-complexity -MMD -MP -MF"Middlewares/Third_Party/Agv/Control/src/pid.d" -MT"Middlewares/Third_Party/Agv/Control/src/pid.o" --specs=nano.specs -mfpu=fpv4-sp-d16 -mfloat-abi=hard -mthumb -o "Middlewares/Third_Party/Agv/Control/src/pid.o"
arm-none-eabi-gcc "../Core/Src/agv_app.c" -mcpu=cortex-m4 -std=gnu11 -g3 -DDEBUG -DUSE_HAL_DRIVER -DSTM32F407xx -DSTM32_THREAD_SAFE_STRATEGY=5 -c -I../Core/Inc -I../Drivers/STM32F4xx_HAL_Driver/Inc -I../Drivers/STM32F4xx_HAL_Driver/Inc/Legacy -I../Middlewares/Third_Party/FreeRTOS/Source/include -I../Middlewares/Third_Party/FreeRTOS/Source/CMSIS_RTOS_V2 -I../Middlewares/Third_Party/FreeRTOS/Source/portable/GCC/ARM_CM4F -I../Drivers/CMSIS/Device/ST/STM32F4xx/Include -I../Drivers/CMSIS/Include -I../Core/ThreadSafe -I"C:/Users/liushaw/Desktop/STM32F407/Motor_bridge/Middlewares/Third_Party/Agv/Core/include" -I"C:/Users/liushaw/Desktop/STM32F407/Motor_bridge/Middlewares/Third_Party/Agv/Factory/include" -I"C:/Users/liushaw/Desktop/STM32F407/Motor_bridge/Middlewares/Third_Party/Agv/Communication_pack/include" -I"C:/Users/liushaw/Desktop/STM32F407/Motor_bridge/Middlewares/Third_Party/Agv/Host_communication/include" -I"C:/Users/liushaw/Desktop/STM32F407/Motor_bridge/Middlewares/Third_Party/Agv/Motors/include" -I"C:/Users/liushaw/Desktop/STM32F407/Motor_bridge/Middlewares/Third_Party/Agv/Control/include" -I"C:/Users/liushaw/Desktop/STM32F407/Motor_bridge/Middlewares/Third_Party/Agv/Kinematics/include" -O0 -ffunction-sections -fdata-sections -Wall -fstack-usage -fcyclomatic-complexity -MMD -MP -MF"Core/Src/agv_app.d" -MT"Core/Src/agv_app.o" --specs=nano.specs -mfpu=fpv4-sp-d16 -mfloat-abi=hard -mthumb -o "Core/Src/agv_app.o"
arm-none-eabi-gcc "../Core/Src/freertos.c" -mcpu=cortex-m4 -std=gnu11 -g3 -DDEBUG -DUSE_HAL_DRIVER -DSTM32F407xx -DSTM32_THREAD_SAFE_STRATEGY=5 -c -I../Core/Inc -I../Drivers/STM32F4xx_HAL_Driver/Inc -I../Drivers/STM32F4xx_HAL_Driver/Inc/Legacy -I../Middlewares/Third_Party/FreeRTOS/Source/include -I../Middlewares/Third_Party/FreeRTOS/Source/CMSIS_RTOS_V2 -I../Middlewares/Third_Party/FreeRTOS/Source/portable/GCC/ARM_CM4F -I../Drivers/CMSIS/Device/ST/STM32F4xx/Include -I../Drivers/CMSIS/Include -I../Core/ThreadSafe -I"C:/Users/liushaw/Desktop/STM32F407/Motor_bridge/Middlewares/Third_Party/Agv/Core/include" -I"C:/Users/liushaw/Desktop/STM32F407/Motor_bridge/Middlewares/Third_Party/Agv/Factory/include" -I"C:/Users/liushaw/Desktop/STM32F407/Motor_bridge/Middlewares/Third_Party/Agv/Communication_pack/include" -I"C:/Users/liushaw/Desktop/STM32F407/Motor_bridge/Middlewares/Third_Party/Agv/Host_communication/include" -I"C:/Users/liushaw/Desktop/STM32F407/Motor_bridge/Middlewares/Third_Party/Agv/Motors/include" -I"C:/Users/liushaw/Desktop/STM32F407/Motor_bridge/Middlewares/Third_Party/Agv/Control/include" -I"C:/Users/liushaw/Desktop/STM32F407/Motor_bridge/Middlewares/Third_Party/Agv/Kinematics/include" -O0 -ffunction-sections -fdata-sections -Wall -fstack-usage -fcyclomatic-complexity -MMD -MP -MF"Core/Src/freertos.d" -MT"Core/Src/freertos.o" --specs=nano.specs -mfpu=fpv4-sp-d16 -mfloat-abi=hard -mthumb -o "Core/Src/freertos.o"
arm-none-eabi-gcc "../Core/Src/main.c" -mcpu=cortex-m4 -std=gnu11 -g3 -DDEBUG -DUSE_HAL_DRIVER -DSTM32F407xx -DSTM32_THREAD_SAFE_STRATEGY=5 -c -I../Core/Inc -I../Drivers/STM32F4xx_HAL_Driver/Inc -I../Drivers/STM32F4xx_HAL_Driver/Inc/Legacy -I../Middlewares/Third_Party/FreeRTOS/Source/include -I../Middlewares/Third_Party/FreeRTOS/Source/CMSIS_RTOS_V2 -I../Middlewares/Third_Party/FreeRTOS/Source/portable/GCC/ARM_CM4F -I../Drivers/CMSIS/Device/ST/STM32F4xx/Include -I../Drivers/CMSIS/Include -I../Core/ThreadSafe -I"C:/Users/liushaw/Desktop/STM32F407/Motor_bridge/Middlewares/Third_Party/Agv/Core/include" -I"C:/Users/liushaw/Desktop/STM32F407/Motor_bridge/Middlewares/Third_Party/Agv/Factory/include" -I"C:/Users/liushaw/Desktop/STM32F407/Motor_bridge/Middlewares/Third_Party/Agv/Communication_pack/include" -I"C:/Users/liushaw/Desktop/STM32F407/Motor_bridge/Middlewares/Third_Party/Agv/Host_communication/include" -I"C:/Users/liushaw/Desktop/STM32F407/Motor_bridge/Middlewares/Third_Party/Agv/Motors/include" -I"C:/Users/liushaw/Desktop/STM32F407/Motor_bridge/Middlewares/Third_Party/Agv/Control/include" -I"C:/Users/liushaw/Desktop/STM32F407/Motor_bridge/Middlewares/Third_Party/Agv/Kinematics/include" -O0 -ffunction-sections -fdata-sections -Wall -fstack-usage -fcyclomatic-complexity -MMD -MP -MF"Core/Src/main.d" -MT"Core/Src/main.o" --specs=nano.specs -mfpu=fpv4-sp-d16 -mfloat-abi=hard -mthumb -o "Core/Src/main.o"
In file included from ../Middlewares/Third_Party/Agv/Control/src/passthrough.c:7:
C:/Users/liushaw/Desktop/STM32F407/Motor_bridge/Middlewares/Third_Party/Agv/Factory/include/Agv_factory/control_law_builder.h:11:51: error: unknown type name 'AgvPidConfig'
   11 | int Ctrl_pid_create(AgvControlLawBase* out, const AgvPidConfig* cfg);
      |                                                   ^~~~~~~~~~~~
In file included from ../Middlewares/Third_Party/Agv/Control/src/pid.c:8:
C:/Users/liushaw/Desktop/STM32F407/Motor_bridge/Middlewares/Third_Party/Agv/Factory/include/Agv_factory/control_law_builder.h:11:51: error: unknown type name 'AgvPidConfig'
   11 | int Ctrl_pid_create(AgvControlLawBase* out, const AgvPidConfig* cfg);
      |                                                   ^~~~~~~~~~~~
In file included from C:/Users/liushaw/Desktop/STM32F407/Motor_bridge/Middlewares/Third_Party/Agv/Factory/include/Agv_factory/agv_factory.h:5,
                 from ../Middlewares/Third_Party/Agv/Factory/src/agv_factory.c:1:
C:/Users/liushaw/Desktop/STM32F407/Motor_bridge/Middlewares/Third_Party/Agv/Factory/include/Agv_factory/control_law_builder.h:11:51: error: unknown type name 'AgvPidConfig'
   11 | int Ctrl_pid_create(AgvControlLawBase* out, const AgvPidConfig* cfg);
      |                                                   ^~~~~~~~~~~~
../Middlewares/Third_Party/Agv/Control/src/passthrough.c: In function 'passthrough_set_des_vel':
../Middlewares/Third_Party/Agv/Control/src/passthrough.c:103:5: warning: implicit declaration of function 'memcpy' [-Wimplicit-function-declaration]
  103 |     memcpy(&impl->vel_des, cmd_in, sizeof(impl->vel_des));
      |     ^~~~~~
../Middlewares/Third_Party/Agv/Control/src/passthrough.c:10:1: note: include '<string.h>' or provide a declaration of 'memcpy'
    9 | #include "semphr.h"
  +++ |+#include <string.h>
   10 | 
../Middlewares/Third_Party/Agv/Control/src/passthrough.c:103:5: warning: incompatible implicit declaration of built-in function 'memcpy' [-Wbuiltin-declaration-mismatch]
  103 |     memcpy(&impl->vel_des, cmd_in, sizeof(impl->vel_des));
      |     ^~~~~~
../Middlewares/Third_Party/Agv/Control/src/passthrough.c:103:5: note: include '<string.h>' or provide a declaration of 'memcpy'
../Middlewares/Third_Party/Agv/Control/src/passthrough.c: In function 'passthrough_set_curr_vel':
../Middlewares/Third_Party/Agv/Control/src/passthrough.c:116:5: warning: incompatible implicit declaration of built-in function 'memcpy' [-Wbuiltin-declaration-mismatch]
  116 |     memcpy(&impl->vel_curr, curr_vel, sizeof(impl->vel_curr));
      |     ^~~~~~
../Middlewares/Third_Party/Agv/Control/src/passthrough.c:116:5: note: include '<string.h>' or provide a declaration of 'memcpy'
../Middlewares/Third_Party/Agv/Control/src/passthrough.c: In function 'passthrough_get_ctrl_cmd':
../Middlewares/Third_Party/Agv/Control/src/passthrough.c:129:5: warning: incompatible implicit declaration of built-in function 'memcpy' [-Wbuiltin-declaration-mismatch]
  129 |     memcpy(&cmd_curr, &impl->vel_des, sizeof(impl->vel_des));
      |     ^~~~~~
../Middlewares/Third_Party/Agv/Control/src/passthrough.c:129:5: note: include '<string.h>' or provide a declaration of 'memcpy'
../Middlewares/Third_Party/Agv/Control/src/pid.c:41:5: error: conflicting types for 'Ctrl_pid_create'; have 'int(AgvControlLawBase *, const AgvCtrlPidConfig *)'
   41 | int Ctrl_pid_create(AgvControlLawBase* out, const AgvCtrlPidConfig* cfg) {
      |     ^~~~~~~~~~~~~~~
C:/Users/liushaw/Desktop/STM32F407/Motor_bridge/Middlewares/Third_Party/Agv/Factory/include/Agv_factory/control_law_builder.h:11:5: note: previous declaration of 'Ctrl_pid_create' with type 'int(AgvControlLawBase *, const int *)'
   11 | int Ctrl_pid_create(AgvControlLawBase* out, const AgvPidConfig* cfg);
      |     ^~~~~~~~~~~~~~~
../Middlewares/Third_Party/Agv/Control/src/pid.c: In function 'Ctrl_pid_create':
../Middlewares/Third_Party/Agv/Control/src/pid.c:63:5: warning: implicit declaration of function 'memset' [-Wimplicit-function-declaration]
   63 |     memset(&impl->vel_des, 0, sizeof(Twist2D));
      |     ^~~~~~
../Middlewares/Third_Party/Agv/Control/src/pid.c:11:1: note: include '<string.h>' or provide a declaration of 'memset'
   10 | #include "semphr.h"
  +++ |+#include <string.h>
   11 | 
../Middlewares/Third_Party/Agv/Control/src/pid.c:63:5: warning: incompatible implicit declaration of built-in function 'memset' [-Wbuiltin-declaration-mismatch]
   63 |     memset(&impl->vel_des, 0, sizeof(Twist2D));
      |     ^~~~~~
../Middlewares/Third_Party/Agv/Control/src/pid.c:63:5: note: include '<string.h>' or provide a declaration of 'memset'
../Middlewares/Third_Party/Agv/Control/src/pid.c: In function 'pid_set_des_vel':
../Middlewares/Third_Party/Agv/Control/src/pid.c:109:5: warning: implicit declaration of function 'memcpy' [-Wimplicit-function-declaration]
  109 |     memcpy(&impl->vel_des, cmd_in, sizeof(impl->vel_des));
      |     ^~~~~~
../Middlewares/Third_Party/Agv/Control/src/pid.c:109:5: note: include '<string.h>' or provide a declaration of 'memcpy'
../Middlewares/Third_Party/Agv/Control/src/pid.c:109:5: warning: incompatible implicit declaration of built-in function 'memcpy' [-Wbuiltin-declaration-mismatch]
../Middlewares/Third_Party/Agv/Control/src/pid.c:109:5: note: include '<string.h>' or provide a declaration of 'memcpy'
../Middlewares/Third_Party/Agv/Control/src/pid.c: In function 'pid_set_curr_vel':
../Middlewares/Third_Party/Agv/Control/src/pid.c:121:5: warning: incompatible implicit declaration of built-in function 'memcpy' [-Wbuiltin-declaration-mismatch]
  121 |     memcpy(&impl->vel_curr, curr_vel, sizeof(impl->vel_curr));
      |     ^~~~~~
../Middlewares/Third_Party/Agv/Control/src/pid.c:121:5: note: include '<string.h>' or provide a declaration of 'memcpy'
../Middlewares/Third_Party/Agv/Control/src/pid.c: In function 'pid_get_ctrl_cmd':
../Middlewares/Third_Party/Agv/Control/src/pid.c:147:11: warning: unused variable 'dt' [-Wunused-variable]
  147 |     float dt = (float)(tick_now - impl->tick_last) * (float)portTICK_PERIOD_MS /
      |           ^~
In file included from C:/Users/liushaw/Desktop/STM32F407/Motor_bridge/Middlewares/Third_Party/Agv/Factory/include/Agv_factory/agv_factory.h:5,
                 from ../Core/Inc/agv_app.h:5,
                 from ../Core/Src/agv_app.c:1:
C:/Users/liushaw/Desktop/STM32F407/Motor_bridge/Middlewares/Third_Party/Agv/Factory/include/Agv_factory/control_law_builder.h:11:51: error: unknown type name 'AgvPidConfig'
   11 | int Ctrl_pid_create(AgvControlLawBase* out, const AgvPidConfig* cfg);
      |                                                   ^~~~~~~~~~~~
make: *** [Middlewares/Third_Party/Agv/Control/src/subdir.mk:22: Middlewares/Third_Party/Agv/Control/src/passthrough.o] Error 1
make: *** Waiting for unfinished jobs....
make: *** [Middlewares/Third_Party/Agv/Control/src/subdir.mk:22: Middlewares/Third_Party/Agv/Control/src/pid.o] Error 1
../Core/Inc/agv_app.h:24:22: error: unknown type name 'AgvPidConfig'; did you mean 'AgvCtrlPidConfig'?
   24 | int Control_pid_init(AgvPidConfig* pid_cfg);
      |                      ^~~~~~~~~~~~
      |                      AgvCtrlPidConfig
In file included from C:/Users/liushaw/Desktop/STM32F407/Motor_bridge/Middlewares/Third_Party/Agv/Factory/include/Agv_factory/agv_factory.h:5,
                 from ../Core/Inc/agv_app.h:5,
                 from ../Core/Src/freertos.c:34:
C:/Users/liushaw/Desktop/STM32F407/Motor_bridge/Middlewares/Third_Party/Agv/Factory/include/Agv_factory/control_law_builder.h:11:51: error: unknown type name 'AgvPidConfig'
   11 | int Ctrl_pid_create(AgvControlLawBase* out, const AgvPidConfig* cfg);
      |                                                   ^~~~~~~~~~~~
make: *** [Middlewares/Third_Party/Agv/Factory/src/subdir.mk:19: Middlewares/Third_Party/Agv/Factory/src/agv_factory.o] Error 1
../Core/Src/agv_app.c:59:22: error: unknown type name 'AgvPidConfig'; did you mean 'AgvCtrlPidConfig'?
   59 | int Control_pid_init(AgvPidConfig* pid_cfg) {
      |                      ^~~~~~~~~~~~
      |                      AgvCtrlPidConfig
../Core/Inc/agv_app.h:24:22: error: unknown type name 'AgvPidConfig'; did you mean 'AgvCtrlPidConfig'?
   24 | int Control_pid_init(AgvPidConfig* pid_cfg);
      |                      ^~~~~~~~~~~~
      |                      AgvCtrlPidConfig
In file included from C:/Users/liushaw/Desktop/STM32F407/Motor_bridge/Middlewares/Third_Party/Agv/Factory/include/Agv_factory/agv_factory.h:5,
                 from ../Core/Inc/agv_app.h:5,
                 from ../Core/Src/main.c:35:
C:/Users/liushaw/Desktop/STM32F407/Motor_bridge/Middlewares/Third_Party/Agv/Factory/include/Agv_factory/control_law_builder.h:11:51: error: unknown type name 'AgvPidConfig'
   11 | int Ctrl_pid_create(AgvControlLawBase* out, const AgvPidConfig* cfg);
      |                                                   ^~~~~~~~~~~~
../Core/Src/freertos.c: In function 'AgvHeartbeatTask':
../Core/Src/freertos.c:191:9: warning: variable 'code' set but not used [-Wunused-but-set-variable]
  191 |     int code = AGV_OK;
      |         ^~~~
../Core/Src/freertos.c: In function 'AgvHostMsgCallbackTask':
../Core/Src/freertos.c:221:13: warning: unused variable 'code' [-Wunused-variable]
  221 |         int code = AgvCore_step_on_host_msg(s_agv_core);
      |             ^~~~
../Core/Inc/agv_app.h:24:22: error: unknown type name 'AgvPidConfig'; did you mean 'AgvCtrlPidConfig'?
   24 | int Control_pid_init(AgvPidConfig* pid_cfg);
      |                      ^~~~~~~~~~~~
      |                      AgvCtrlPidConfig
make: *** [Core/Src/subdir.mk:67: Core/Src/agv_app.o] Error 1
make: *** [Core/Src/subdir.mk:67: Core/Src/freertos.o] Error 1
make: *** [Core/Src/subdir.mk:67: Core/Src/main.o] Error 1
"make -j18 all" terminated with exit code 2. Build might be incomplete.
08:34:11 **** Incremental Build of configuration Debug for project Motor_bridge ****
make -j18 all 
arm-none-eabi-gcc "../Middlewares/Third_Party/Agv/Factory/src/agv_factory.c" -mcpu=cortex-m4 -std=gnu11 -g3 -DDEBUG -DUSE_HAL_DRIVER -DSTM32F407xx -DSTM32_THREAD_SAFE_STRATEGY=5 -c -I../Core/Inc -I../Drivers/STM32F4xx_HAL_Driver/Inc -I../Drivers/STM32F4xx_HAL_Driver/Inc/Legacy -I../Middlewares/Third_Party/FreeRTOS/Source/include -I../Middlewares/Third_Party/FreeRTOS/Source/CMSIS_RTOS_V2 -I../Middlewares/Third_Party/FreeRTOS/Source/portable/GCC/ARM_CM4F -I../Drivers/CMSIS/Device/ST/STM32F4xx/Include -I../Drivers/CMSIS/Include -I../Core/ThreadSafe -I"C:/Users/liushaw/Desktop/STM32F407/Motor_bridge/Middlewares/Third_Party/Agv/Core/include" -I"C:/Users/liushaw/Desktop/STM32F407/Motor_bridge/Middlewares/Third_Party/Agv/Factory/include" -I"C:/Users/liushaw/Desktop/STM32F407/Motor_bridge/Middlewares/Third_Party/Agv/Communication_pack/include" -I"C:/Users/liushaw/Desktop/STM32F407/Motor_bridge/Middlewares/Third_Party/Agv/Host_communication/include" -I"C:/Users/liushaw/Desktop/STM32F407/Motor_bridge/Middlewares/Third_Party/Agv/Motors/include" -I"C:/Users/liushaw/Desktop/STM32F407/Motor_bridge/Middlewares/Third_Party/Agv/Control/include" -I"C:/Users/liushaw/Desktop/STM32F407/Motor_bridge/Middlewares/Third_Party/Agv/Kinematics/include" -O0 -ffunction-sections -fdata-sections -Wall -fstack-usage -fcyclomatic-complexity -MMD -MP -MF"Middlewares/Third_Party/Agv/Factory/src/agv_factory.d" -MT"Middlewares/Third_Party/Agv/Factory/src/agv_factory.o" --specs=nano.specs -mfpu=fpv4-sp-d16 -mfloat-abi=hard -mthumb -o "Middlewares/Third_Party/Agv/Factory/src/agv_factory.o"
arm-none-eabi-gcc "../Middlewares/Third_Party/Agv/Control/src/passthrough.c" -mcpu=cortex-m4 -std=gnu11 -g3 -DDEBUG -DUSE_HAL_DRIVER -DSTM32F407xx -DSTM32_THREAD_SAFE_STRATEGY=5 -c -I../Core/Inc -I../Drivers/STM32F4xx_HAL_Driver/Inc -I../Drivers/STM32F4xx_HAL_Driver/Inc/Legacy -I../Middlewares/Third_Party/FreeRTOS/Source/include -I../Middlewares/Third_Party/FreeRTOS/Source/CMSIS_RTOS_V2 -I../Middlewares/Third_Party/FreeRTOS/Source/portable/GCC/ARM_CM4F -I../Drivers/CMSIS/Device/ST/STM32F4xx/Include -I../Drivers/CMSIS/Include -I../Core/ThreadSafe -I"C:/Users/liushaw/Desktop/STM32F407/Motor_bridge/Middlewares/Third_Party/Agv/Core/include" -I"C:/Users/liushaw/Desktop/STM32F407/Motor_bridge/Middlewares/Third_Party/Agv/Factory/include" -I"C:/Users/liushaw/Desktop/STM32F407/Motor_bridge/Middlewares/Third_Party/Agv/Communication_pack/include" -I"C:/Users/liushaw/Desktop/STM32F407/Motor_bridge/Middlewares/Third_Party/Agv/Host_communication/include" -I"C:/Users/liushaw/Desktop/STM32F407/Motor_bridge/Middlewares/Third_Party/Agv/Motors/include" -I"C:/Users/liushaw/Desktop/STM32F407/Motor_bridge/Middlewares/Third_Party/Agv/Control/include" -I"C:/Users/liushaw/Desktop/STM32F407/Motor_bridge/Middlewares/Third_Party/Agv/Kinematics/include" -O0 -ffunction-sections -fdata-sections -Wall -fstack-usage -fcyclomatic-complexity -MMD -MP -MF"Middlewares/Third_Party/Agv/Control/src/passthrough.d" -MT"Middlewares/Third_Party/Agv/Control/src/passthrough.o" --specs=nano.specs -mfpu=fpv4-sp-d16 -mfloat-abi=hard -mthumb -o "Middlewares/Third_Party/Agv/Control/src/passthrough.o"
arm-none-eabi-gcc "../Middlewares/Third_Party/Agv/Control/src/pid.c" -mcpu=cortex-m4 -std=gnu11 -g3 -DDEBUG -DUSE_HAL_DRIVER -DSTM32F407xx -DSTM32_THREAD_SAFE_STRATEGY=5 -c -I../Core/Inc -I../Drivers/STM32F4xx_HAL_Driver/Inc -I../Drivers/STM32F4xx_HAL_Driver/Inc/Legacy -I../Middlewares/Third_Party/FreeRTOS/Source/include -I../Middlewares/Third_Party/FreeRTOS/Source/CMSIS_RTOS_V2 -I../Middlewares/Third_Party/FreeRTOS/Source/portable/GCC/ARM_CM4F -I../Drivers/CMSIS/Device/ST/STM32F4xx/Include -I../Drivers/CMSIS/Include -I../Core/ThreadSafe -I"C:/Users/liushaw/Desktop/STM32F407/Motor_bridge/Middlewares/Third_Party/Agv/Core/include" -I"C:/Users/liushaw/Desktop/STM32F407/Motor_bridge/Middlewares/Third_Party/Agv/Factory/include" -I"C:/Users/liushaw/Desktop/STM32F407/Motor_bridge/Middlewares/Third_Party/Agv/Communication_pack/include" -I"C:/Users/liushaw/Desktop/STM32F407/Motor_bridge/Middlewares/Third_Party/Agv/Host_communication/include" -I"C:/Users/liushaw/Desktop/STM32F407/Motor_bridge/Middlewares/Third_Party/Agv/Motors/include" -I"C:/Users/liushaw/Desktop/STM32F407/Motor_bridge/Middlewares/Third_Party/Agv/Control/include" -I"C:/Users/liushaw/Desktop/STM32F407/Motor_bridge/Middlewares/Third_Party/Agv/Kinematics/include" -O0 -ffunction-sections -fdata-sections -Wall -fstack-usage -fcyclomatic-complexity -MMD -MP -MF"Middlewares/Third_Party/Agv/Control/src/pid.d" -MT"Middlewares/Third_Party/Agv/Control/src/pid.o" --specs=nano.specs -mfpu=fpv4-sp-d16 -mfloat-abi=hard -mthumb -o "Middlewares/Third_Party/Agv/Control/src/pid.o"
arm-none-eabi-gcc "../Core/Src/agv_app.c" -mcpu=cortex-m4 -std=gnu11 -g3 -DDEBUG -DUSE_HAL_DRIVER -DSTM32F407xx -DSTM32_THREAD_SAFE_STRATEGY=5 -c -I../Core/Inc -I../Drivers/STM32F4xx_HAL_Driver/Inc -I../Drivers/STM32F4xx_HAL_Driver/Inc/Legacy -I../Middlewares/Third_Party/FreeRTOS/Source/include -I../Middlewares/Third_Party/FreeRTOS/Source/CMSIS_RTOS_V2 -I../Middlewares/Third_Party/FreeRTOS/Source/portable/GCC/ARM_CM4F -I../Drivers/CMSIS/Device/ST/STM32F4xx/Include -I../Drivers/CMSIS/Include -I../Core/ThreadSafe -I"C:/Users/liushaw/Desktop/STM32F407/Motor_bridge/Middlewares/Third_Party/Agv/Core/include" -I"C:/Users/liushaw/Desktop/STM32F407/Motor_bridge/Middlewares/Third_Party/Agv/Factory/include" -I"C:/Users/liushaw/Desktop/STM32F407/Motor_bridge/Middlewares/Third_Party/Agv/Communication_pack/include" -I"C:/Users/liushaw/Desktop/STM32F407/Motor_bridge/Middlewares/Third_Party/Agv/Host_communication/include" -I"C:/Users/liushaw/Desktop/STM32F407/Motor_bridge/Middlewares/Third_Party/Agv/Motors/include" -I"C:/Users/liushaw/Desktop/STM32F407/Motor_bridge/Middlewares/Third_Party/Agv/Control/include" -I"C:/Users/liushaw/Desktop/STM32F407/Motor_bridge/Middlewares/Third_Party/Agv/Kinematics/include" -O0 -ffunction-sections -fdata-sections -Wall -fstack-usage -fcyclomatic-complexity -MMD -MP -MF"Core/Src/agv_app.d" -MT"Core/Src/agv_app.o" --specs=nano.specs -mfpu=fpv4-sp-d16 -mfloat-abi=hard -mthumb -o "Core/Src/agv_app.o"
arm-none-eabi-gcc "../Core/Src/freertos.c" -mcpu=cortex-m4 -std=gnu11 -g3 -DDEBUG -DUSE_HAL_DRIVER -DSTM32F407xx -DSTM32_THREAD_SAFE_STRATEGY=5 -c -I../Core/Inc -I../Drivers/STM32F4xx_HAL_Driver/Inc -I../Drivers/STM32F4xx_HAL_Driver/Inc/Legacy -I../Middlewares/Third_Party/FreeRTOS/Source/include -I../Middlewares/Third_Party/FreeRTOS/Source/CMSIS_RTOS_V2 -I../Middlewares/Third_Party/FreeRTOS/Source/portable/GCC/ARM_CM4F -I../Drivers/CMSIS/Device/ST/STM32F4xx/Include -I../Drivers/CMSIS/Include -I../Core/ThreadSafe -I"C:/Users/liushaw/Desktop/STM32F407/Motor_bridge/Middlewares/Third_Party/Agv/Core/include" -I"C:/Users/liushaw/Desktop/STM32F407/Motor_bridge/Middlewares/Third_Party/Agv/Factory/include" -I"C:/Users/liushaw/Desktop/STM32F407/Motor_bridge/Middlewares/Third_Party/Agv/Communication_pack/include" -I"C:/Users/liushaw/Desktop/STM32F407/Motor_bridge/Middlewares/Third_Party/Agv/Host_communication/include" -I"C:/Users/liushaw/Desktop/STM32F407/Motor_bridge/Middlewares/Third_Party/Agv/Motors/include" -I"C:/Users/liushaw/Desktop/STM32F407/Motor_bridge/Middlewares/Third_Party/Agv/Control/include" -I"C:/Users/liushaw/Desktop/STM32F407/Motor_bridge/Middlewares/Third_Party/Agv/Kinematics/include" -O0 -ffunction-sections -fdata-sections -Wall -fstack-usage -fcyclomatic-complexity -MMD -MP -MF"Core/Src/freertos.d" -MT"Core/Src/freertos.o" --specs=nano.specs -mfpu=fpv4-sp-d16 -mfloat-abi=hard -mthumb -o "Core/Src/freertos.o"
arm-none-eabi-gcc "../Core/Src/main.c" -mcpu=cortex-m4 -std=gnu11 -g3 -DDEBUG -DUSE_HAL_DRIVER -DSTM32F407xx -DSTM32_THREAD_SAFE_STRATEGY=5 -c -I../Core/Inc -I../Drivers/STM32F4xx_HAL_Driver/Inc -I../Drivers/STM32F4xx_HAL_Driver/Inc/Legacy -I../Middlewares/Third_Party/FreeRTOS/Source/include -I../Middlewares/Third_Party/FreeRTOS/Source/CMSIS_RTOS_V2 -I../Middlewares/Third_Party/FreeRTOS/Source/portable/GCC/ARM_CM4F -I../Drivers/CMSIS/Device/ST/STM32F4xx/Include -I../Drivers/CMSIS/Include -I../Core/ThreadSafe -I"C:/Users/liushaw/Desktop/STM32F407/Motor_bridge/Middlewares/Third_Party/Agv/Core/include" -I"C:/Users/liushaw/Desktop/STM32F407/Motor_bridge/Middlewares/Third_Party/Agv/Factory/include" -I"C:/Users/liushaw/Desktop/STM32F407/Motor_bridge/Middlewares/Third_Party/Agv/Communication_pack/include" -I"C:/Users/liushaw/Desktop/STM32F407/Motor_bridge/Middlewares/Third_Party/Agv/Host_communication/include" -I"C:/Users/liushaw/Desktop/STM32F407/Motor_bridge/Middlewares/Third_Party/Agv/Motors/include" -I"C:/Users/liushaw/Desktop/STM32F407/Motor_bridge/Middlewares/Third_Party/Agv/Control/include" -I"C:/Users/liushaw/Desktop/STM32F407/Motor_bridge/Middlewares/Third_Party/Agv/Kinematics/include" -O0 -ffunction-sections -fdata-sections -Wall -fstack-usage -fcyclomatic-complexity -MMD -MP -MF"Core/Src/main.d" -MT"Core/Src/main.o" --specs=nano.specs -mfpu=fpv4-sp-d16 -mfloat-abi=hard -mthumb -o "Core/Src/main.o"
../Middlewares/Third_Party/Agv/Control/src/passthrough.c: In function 'passthrough_set_des_vel':
../Middlewares/Third_Party/Agv/Control/src/passthrough.c:103:5: warning: implicit declaration of function 'memcpy' [-Wimplicit-function-declaration]
  103 |     memcpy(&impl->vel_des, cmd_in, sizeof(impl->vel_des));
      |     ^~~~~~
../Middlewares/Third_Party/Agv/Control/src/passthrough.c:10:1: note: include '<string.h>' or provide a declaration of 'memcpy'
    9 | #include "semphr.h"
  +++ |+#include <string.h>
   10 | 
../Middlewares/Third_Party/Agv/Control/src/passthrough.c:103:5: warning: incompatible implicit declaration of built-in function 'memcpy' [-Wbuiltin-declaration-mismatch]
  103 |     memcpy(&impl->vel_des, cmd_in, sizeof(impl->vel_des));
      |     ^~~~~~
../Middlewares/Third_Party/Agv/Control/src/passthrough.c:103:5: note: include '<string.h>' or provide a declaration of 'memcpy'
../Middlewares/Third_Party/Agv/Control/src/passthrough.c: In function 'passthrough_set_curr_vel':
../Middlewares/Third_Party/Agv/Control/src/passthrough.c:116:5: warning: incompatible implicit declaration of built-in function 'memcpy' [-Wbuiltin-declaration-mismatch]
  116 |     memcpy(&impl->vel_curr, curr_vel, sizeof(impl->vel_curr));
      |     ^~~~~~
../Middlewares/Third_Party/Agv/Control/src/passthrough.c:116:5: note: include '<string.h>' or provide a declaration of 'memcpy'
../Middlewares/Third_Party/Agv/Control/src/passthrough.c: In function 'passthrough_get_ctrl_cmd':
../Middlewares/Third_Party/Agv/Control/src/passthrough.c:129:5: warning: incompatible implicit declaration of built-in function 'memcpy' [-Wbuiltin-declaration-mismatch]
  129 |     memcpy(&cmd_curr, &impl->vel_des, sizeof(impl->vel_des));
      |     ^~~~~~
../Middlewares/Third_Party/Agv/Control/src/passthrough.c:129:5: note: include '<string.h>' or provide a declaration of 'memcpy'
../Middlewares/Third_Party/Agv/Control/src/pid.c: In function 'Ctrl_pid_create':
../Middlewares/Third_Party/Agv/Control/src/pid.c:63:5: warning: implicit declaration of function 'memset' [-Wimplicit-function-declaration]
   63 |     memset(&impl->vel_des, 0, sizeof(Twist2D));
      |     ^~~~~~
../Middlewares/Third_Party/Agv/Control/src/pid.c:11:1: note: include '<string.h>' or provide a declaration of 'memset'
   10 | #include "semphr.h"
  +++ |+#include <string.h>
   11 | 
../Middlewares/Third_Party/Agv/Control/src/pid.c:63:5: warning: incompatible implicit declaration of built-in function 'memset' [-Wbuiltin-declaration-mismatch]
   63 |     memset(&impl->vel_des, 0, sizeof(Twist2D));
      |     ^~~~~~
../Middlewares/Third_Party/Agv/Control/src/pid.c:63:5: note: include '<string.h>' or provide a declaration of 'memset'
../Middlewares/Third_Party/Agv/Control/src/pid.c: In function 'pid_set_des_vel':
../Middlewares/Third_Party/Agv/Control/src/pid.c:109:5: warning: implicit declaration of function 'memcpy' [-Wimplicit-function-declaration]
  109 |     memcpy(&impl->vel_des, cmd_in, sizeof(impl->vel_des));
      |     ^~~~~~
../Middlewares/Third_Party/Agv/Control/src/pid.c:109:5: note: include '<string.h>' or provide a declaration of 'memcpy'
../Middlewares/Third_Party/Agv/Control/src/pid.c:109:5: warning: incompatible implicit declaration of built-in function 'memcpy' [-Wbuiltin-declaration-mismatch]
../Middlewares/Third_Party/Agv/Control/src/pid.c:109:5: note: include '<string.h>' or provide a declaration of 'memcpy'
../Middlewares/Third_Party/Agv/Control/src/pid.c: In function 'pid_set_curr_vel':
../Middlewares/Third_Party/Agv/Control/src/pid.c:121:5: warning: incompatible implicit declaration of built-in function 'memcpy' [-Wbuiltin-declaration-mismatch]
  121 |     memcpy(&impl->vel_curr, curr_vel, sizeof(impl->vel_curr));
      |     ^~~~~~
../Middlewares/Third_Party/Agv/Control/src/pid.c:121:5: note: include '<string.h>' or provide a declaration of 'memcpy'
../Middlewares/Third_Party/Agv/Control/src/pid.c: In function 'pid_get_ctrl_cmd':
../Middlewares/Third_Party/Agv/Control/src/pid.c:147:11: warning: unused variable 'dt' [-Wunused-variable]
  147 |     float dt = (float)(tick_now - impl->tick_last) * (float)portTICK_PERIOD_MS /
      |           ^~
../Core/Src/freertos.c: In function 'AgvHeartbeatTask':
../Core/Src/freertos.c:191:9: warning: variable 'code' set but not used [-Wunused-but-set-variable]
  191 |     int code = AGV_OK;
      |         ^~~~
../Core/Src/freertos.c: In function 'AgvHostMsgCallbackTask':
../Core/Src/freertos.c:221:13: warning: unused variable 'code' [-Wunused-variable]
  221 |         int code = AgvCore_step_on_host_msg(s_agv_core);
      |             ^~~~
arm-none-eabi-gcc -o "Motor_bridge.elf" @"objects.list"   -mcpu=cortex-m4 -T"C:\Users\liushaw\Desktop\STM32F407\Motor_bridge\STM32F407VGTX_FLASH.ld" --specs=nosys.specs -Wl,-Map="Motor_bridge.map" -Wl,--gc-sections -static --specs=nano.specs -mfpu=fpv4-sp-d16 -mfloat-abi=hard -mthumb -u _printf_float -u _scanf_float -Wl,--start-group -lc -lm -Wl,--end-group
Finished building target: Motor_bridge.elf
 
arm-none-eabi-size  Motor_bridge.elf 
arm-none-eabi-objdump -h -S Motor_bridge.elf  > "Motor_bridge.list"
   text	   data	    bss	    dec	    hex	filename
  79636	    472	  72232	 152340	  25314	Motor_bridge.elf
Finished building: default.size.stdout
 
Finished building: Motor_bridge.list
 
08:49:54 **** Incremental Build of configuration Debug for project Motor_bridge ****
make -j18 all 
arm-none-eabi-gcc "../Middlewares/Third_Party/Agv/Factory/src/agv_factory.c" -mcpu=cortex-m4 -std=gnu11 -g3 -DDEBUG -DUSE_HAL_DRIVER -DSTM32F407xx -DSTM32_THREAD_SAFE_STRATEGY=5 -c -I../Core/Inc -I../Drivers/STM32F4xx_HAL_Driver/Inc -I../Drivers/STM32F4xx_HAL_Driver/Inc/Legacy -I../Middlewares/Third_Party/FreeRTOS/Source/include -I../Middlewares/Third_Party/FreeRTOS/Source/CMSIS_RTOS_V2 -I../Middlewares/Third_Party/FreeRTOS/Source/portable/GCC/ARM_CM4F -I../Drivers/CMSIS/Device/ST/STM32F4xx/Include -I../Drivers/CMSIS/Include -I../Core/ThreadSafe -I"C:/Users/liushaw/Desktop/STM32F407/Motor_bridge/Middlewares/Third_Party/Agv/Core/include" -I"C:/Users/liushaw/Desktop/STM32F407/Motor_bridge/Middlewares/Third_Party/Agv/Factory/include" -I"C:/Users/liushaw/Desktop/STM32F407/Motor_bridge/Middlewares/Third_Party/Agv/Communication_pack/include" -I"C:/Users/liushaw/Desktop/STM32F407/Motor_bridge/Middlewares/Third_Party/Agv/Host_communication/include" -I"C:/Users/liushaw/Desktop/STM32F407/Motor_bridge/Middlewares/Third_Party/Agv/Motors/include" -I"C:/Users/liushaw/Desktop/STM32F407/Motor_bridge/Middlewares/Third_Party/Agv/Control/include" -I"C:/Users/liushaw/Desktop/STM32F407/Motor_bridge/Middlewares/Third_Party/Agv/Kinematics/include" -O0 -ffunction-sections -fdata-sections -Wall -fstack-usage -fcyclomatic-complexity -MMD -MP -MF"Middlewares/Third_Party/Agv/Factory/src/agv_factory.d" -MT"Middlewares/Third_Party/Agv/Factory/src/agv_factory.o" --specs=nano.specs -mfpu=fpv4-sp-d16 -mfloat-abi=hard -mthumb -o "Middlewares/Third_Party/Agv/Factory/src/agv_factory.o"
arm-none-eabi-gcc "../Core/Src/agv_app.c" -mcpu=cortex-m4 -std=gnu11 -g3 -DDEBUG -DUSE_HAL_DRIVER -DSTM32F407xx -DSTM32_THREAD_SAFE_STRATEGY=5 -c -I../Core/Inc -I../Drivers/STM32F4xx_HAL_Driver/Inc -I../Drivers/STM32F4xx_HAL_Driver/Inc/Legacy -I../Middlewares/Third_Party/FreeRTOS/Source/include -I../Middlewares/Third_Party/FreeRTOS/Source/CMSIS_RTOS_V2 -I../Middlewares/Third_Party/FreeRTOS/Source/portable/GCC/ARM_CM4F -I../Drivers/CMSIS/Device/ST/STM32F4xx/Include -I../Drivers/CMSIS/Include -I../Core/ThreadSafe -I"C:/Users/liushaw/Desktop/STM32F407/Motor_bridge/Middlewares/Third_Party/Agv/Core/include" -I"C:/Users/liushaw/Desktop/STM32F407/Motor_bridge/Middlewares/Third_Party/Agv/Factory/include" -I"C:/Users/liushaw/Desktop/STM32F407/Motor_bridge/Middlewares/Third_Party/Agv/Communication_pack/include" -I"C:/Users/liushaw/Desktop/STM32F407/Motor_bridge/Middlewares/Third_Party/Agv/Host_communication/include" -I"C:/Users/liushaw/Desktop/STM32F407/Motor_bridge/Middlewares/Third_Party/Agv/Motors/include" -I"C:/Users/liushaw/Desktop/STM32F407/Motor_bridge/Middlewares/Third_Party/Agv/Control/include" -I"C:/Users/liushaw/Desktop/STM32F407/Motor_bridge/Middlewares/Third_Party/Agv/Kinematics/include" -O0 -ffunction-sections -fdata-sections -Wall -fstack-usage -fcyclomatic-complexity -MMD -MP -MF"Core/Src/agv_app.d" -MT"Core/Src/agv_app.o" --specs=nano.specs -mfpu=fpv4-sp-d16 -mfloat-abi=hard -mthumb -o "Core/Src/agv_app.o"
arm-none-eabi-gcc "../Core/Src/freertos.c" -mcpu=cortex-m4 -std=gnu11 -g3 -DDEBUG -DUSE_HAL_DRIVER -DSTM32F407xx -DSTM32_THREAD_SAFE_STRATEGY=5 -c -I../Core/Inc -I../Drivers/STM32F4xx_HAL_Driver/Inc -I../Drivers/STM32F4xx_HAL_Driver/Inc/Legacy -I../Middlewares/Third_Party/FreeRTOS/Source/include -I../Middlewares/Third_Party/FreeRTOS/Source/CMSIS_RTOS_V2 -I../Middlewares/Third_Party/FreeRTOS/Source/portable/GCC/ARM_CM4F -I../Drivers/CMSIS/Device/ST/STM32F4xx/Include -I../Drivers/CMSIS/Include -I../Core/ThreadSafe -I"C:/Users/liushaw/Desktop/STM32F407/Motor_bridge/Middlewares/Third_Party/Agv/Core/include" -I"C:/Users/liushaw/Desktop/STM32F407/Motor_bridge/Middlewares/Third_Party/Agv/Factory/include" -I"C:/Users/liushaw/Desktop/STM32F407/Motor_bridge/Middlewares/Third_Party/Agv/Communication_pack/include" -I"C:/Users/liushaw/Desktop/STM32F407/Motor_bridge/Middlewares/Third_Party/Agv/Host_communication/include" -I"C:/Users/liushaw/Desktop/STM32F407/Motor_bridge/Middlewares/Third_Party/Agv/Motors/include" -I"C:/Users/liushaw/Desktop/STM32F407/Motor_bridge/Middlewares/Third_Party/Agv/Control/include" -I"C:/Users/liushaw/Desktop/STM32F407/Motor_bridge/Middlewares/Third_Party/Agv/Kinematics/include" -O0 -ffunction-sections -fdata-sections -Wall -fstack-usage -fcyclomatic-complexity -MMD -MP -MF"Core/Src/freertos.d" -MT"Core/Src/freertos.o" --specs=nano.specs -mfpu=fpv4-sp-d16 -mfloat-abi=hard -mthumb -o "Core/Src/freertos.o"
arm-none-eabi-gcc "../Core/Src/main.c" -mcpu=cortex-m4 -std=gnu11 -g3 -DDEBUG -DUSE_HAL_DRIVER -DSTM32F407xx -DSTM32_THREAD_SAFE_STRATEGY=5 -c -I../Core/Inc -I../Drivers/STM32F4xx_HAL_Driver/Inc -I../Drivers/STM32F4xx_HAL_Driver/Inc/Legacy -I../Middlewares/Third_Party/FreeRTOS/Source/include -I../Middlewares/Third_Party/FreeRTOS/Source/CMSIS_RTOS_V2 -I../Middlewares/Third_Party/FreeRTOS/Source/portable/GCC/ARM_CM4F -I../Drivers/CMSIS/Device/ST/STM32F4xx/Include -I../Drivers/CMSIS/Include -I../Core/ThreadSafe -I"C:/Users/liushaw/Desktop/STM32F407/Motor_bridge/Middlewares/Third_Party/Agv/Core/include" -I"C:/Users/liushaw/Desktop/STM32F407/Motor_bridge/Middlewares/Third_Party/Agv/Factory/include" -I"C:/Users/liushaw/Desktop/STM32F407/Motor_bridge/Middlewares/Third_Party/Agv/Communication_pack/include" -I"C:/Users/liushaw/Desktop/STM32F407/Motor_bridge/Middlewares/Third_Party/Agv/Host_communication/include" -I"C:/Users/liushaw/Desktop/STM32F407/Motor_bridge/Middlewares/Third_Party/Agv/Motors/include" -I"C:/Users/liushaw/Desktop/STM32F407/Motor_bridge/Middlewares/Third_Party/Agv/Control/include" -I"C:/Users/liushaw/Desktop/STM32F407/Motor_bridge/Middlewares/Third_Party/Agv/Kinematics/include" -O0 -ffunction-sections -fdata-sections -Wall -fstack-usage -fcyclomatic-complexity -MMD -MP -MF"Core/Src/main.d" -MT"Core/Src/main.o" --specs=nano.specs -mfpu=fpv4-sp-d16 -mfloat-abi=hard -mthumb -o "Core/Src/main.o"
../Core/Src/freertos.c: In function 'AgvHeartbeatTask':
../Core/Src/freertos.c:191:9: warning: variable 'code' set but not used [-Wunused-but-set-variable]
  191 |     int code = AGV_OK;
      |         ^~~~
../Core/Src/freertos.c: In function 'AgvHostMsgCallbackTask':
../Core/Src/freertos.c:221:13: warning: unused variable 'code' [-Wunused-variable]
  221 |         int code = AgvCore_step_on_host_msg(s_agv_core);
      |             ^~~~
../Core/Src/main.c: In function 'main':
../Core/Src/main.c:114:40: warning: passing argument 5 of 'Agv_garmin_init' from incompatible pointer type [-Wincompatible-pointer-types]
  114 |                     &kine_mecanum_cfg, &ctrl_passthrough_cfg);
      |                                        ^~~~~~~~~~~~~~~~~~~~~
      |                                        |
      |                                        AgvCtrlPassthroughConfig *
In file included from ../Core/Src/main.c:35:
../Core/Inc/agv_app.h:14:39: note: expected 'AgvCtrlPidConfig *' but argument is of type 'AgvCtrlPassthroughConfig *'
   14 |                     AgvCtrlPidConfig* pid_cfg);
      |                     ~~~~~~~~~~~~~~~~~~^~~~~~~
arm-none-eabi-gcc -o "Motor_bridge.elf" @"objects.list"   -mcpu=cortex-m4 -T"C:\Users\liushaw\Desktop\STM32F407\Motor_bridge\STM32F407VGTX_FLASH.ld" --specs=nosys.specs -Wl,-Map="Motor_bridge.map" -Wl,--gc-sections -static --specs=nano.specs -mfpu=fpv4-sp-d16 -mfloat-abi=hard -mthumb -u _printf_float -u _scanf_float -Wl,--start-group -lc -lm -Wl,--end-group
Finished building target: Motor_bridge.elf
 
arm-none-eabi-size  Motor_bridge.elf 
arm-none-eabi-objdump -h -S Motor_bridge.elf  > "Motor_bridge.list"
   text	   data	    bss	    dec	    hex	filename
  79932	    472	  72232	 152636	  2543c	Motor_bridge.elf
Finished building: default.size.stdout
 
Finished building: Motor_bridge.list
 
08:51:33 **** Incremental Build of configuration Debug for project Motor_bridge ****
make -j18 all 
arm-none-eabi-size  Motor_bridge.elf 
   text	   data	    bss	    dec	    hex	filename
  79932	    472	  72232	 152636	  2543c	Motor_bridge.elf
Finished building: default.size.stdout
 
09:03:41 **** Incremental Build of configuration Debug for project Motor_bridge ****
make -j18 all 
arm-none-eabi-gcc "../Middlewares/Third_Party/Agv/Factory/src/agv_factory.c" -mcpu=cortex-m4 -std=gnu11 -g3 -DDEBUG -DUSE_HAL_DRIVER -DSTM32F407xx -DSTM32_THREAD_SAFE_STRATEGY=5 -c -I../Core/Inc -I../Drivers/STM32F4xx_HAL_Driver/Inc -I../Drivers/STM32F4xx_HAL_Driver/Inc/Legacy -I../Middlewares/Third_Party/FreeRTOS/Source/include -I../Middlewares/Third_Party/FreeRTOS/Source/CMSIS_RTOS_V2 -I../Middlewares/Third_Party/FreeRTOS/Source/portable/GCC/ARM_CM4F -I../Drivers/CMSIS/Device/ST/STM32F4xx/Include -I../Drivers/CMSIS/Include -I../Core/ThreadSafe -I"C:/Users/liushaw/Desktop/STM32F407/Motor_bridge/Middlewares/Third_Party/Agv/Core/include" -I"C:/Users/liushaw/Desktop/STM32F407/Motor_bridge/Middlewares/Third_Party/Agv/Factory/include" -I"C:/Users/liushaw/Desktop/STM32F407/Motor_bridge/Middlewares/Third_Party/Agv/Communication_pack/include" -I"C:/Users/liushaw/Desktop/STM32F407/Motor_bridge/Middlewares/Third_Party/Agv/Host_communication/include" -I"C:/Users/liushaw/Desktop/STM32F407/Motor_bridge/Middlewares/Third_Party/Agv/Motors/include" -I"C:/Users/liushaw/Desktop/STM32F407/Motor_bridge/Middlewares/Third_Party/Agv/Control/include" -I"C:/Users/liushaw/Desktop/STM32F407/Motor_bridge/Middlewares/Third_Party/Agv/Kinematics/include" -O0 -ffunction-sections -fdata-sections -Wall -fstack-usage -fcyclomatic-complexity -MMD -MP -MF"Middlewares/Third_Party/Agv/Factory/src/agv_factory.d" -MT"Middlewares/Third_Party/Agv/Factory/src/agv_factory.o" --specs=nano.specs -mfpu=fpv4-sp-d16 -mfloat-abi=hard -mthumb -o "Middlewares/Third_Party/Agv/Factory/src/agv_factory.o"
arm-none-eabi-gcc "../Middlewares/Third_Party/Agv/Core/src/core.c" -mcpu=cortex-m4 -std=gnu11 -g3 -DDEBUG -DUSE_HAL_DRIVER -DSTM32F407xx -DSTM32_THREAD_SAFE_STRATEGY=5 -c -I../Core/Inc -I../Drivers/STM32F4xx_HAL_Driver/Inc -I../Drivers/STM32F4xx_HAL_Driver/Inc/Legacy -I../Middlewares/Third_Party/FreeRTOS/Source/include -I../Middlewares/Third_Party/FreeRTOS/Source/CMSIS_RTOS_V2 -I../Middlewares/Third_Party/FreeRTOS/Source/portable/GCC/ARM_CM4F -I../Drivers/CMSIS/Device/ST/STM32F4xx/Include -I../Drivers/CMSIS/Include -I../Core/ThreadSafe -I"C:/Users/liushaw/Desktop/STM32F407/Motor_bridge/Middlewares/Third_Party/Agv/Core/include" -I"C:/Users/liushaw/Desktop/STM32F407/Motor_bridge/Middlewares/Third_Party/Agv/Factory/include" -I"C:/Users/liushaw/Desktop/STM32F407/Motor_bridge/Middlewares/Third_Party/Agv/Communication_pack/include" -I"C:/Users/liushaw/Desktop/STM32F407/Motor_bridge/Middlewares/Third_Party/Agv/Host_communication/include" -I"C:/Users/liushaw/Desktop/STM32F407/Motor_bridge/Middlewares/Third_Party/Agv/Motors/include" -I"C:/Users/liushaw/Desktop/STM32F407/Motor_bridge/Middlewares/Third_Party/Agv/Control/include" -I"C:/Users/liushaw/Desktop/STM32F407/Motor_bridge/Middlewares/Third_Party/Agv/Kinematics/include" -O0 -ffunction-sections -fdata-sections -Wall -fstack-usage -fcyclomatic-complexity -MMD -MP -MF"Middlewares/Third_Party/Agv/Core/src/core.d" -MT"Middlewares/Third_Party/Agv/Core/src/core.o" --specs=nano.specs -mfpu=fpv4-sp-d16 -mfloat-abi=hard -mthumb -o "Middlewares/Third_Party/Agv/Core/src/core.o"
arm-none-eabi-gcc "../Core/Src/agv_app.c" -mcpu=cortex-m4 -std=gnu11 -g3 -DDEBUG -DUSE_HAL_DRIVER -DSTM32F407xx -DSTM32_THREAD_SAFE_STRATEGY=5 -c -I../Core/Inc -I../Drivers/STM32F4xx_HAL_Driver/Inc -I../Drivers/STM32F4xx_HAL_Driver/Inc/Legacy -I../Middlewares/Third_Party/FreeRTOS/Source/include -I../Middlewares/Third_Party/FreeRTOS/Source/CMSIS_RTOS_V2 -I../Middlewares/Third_Party/FreeRTOS/Source/portable/GCC/ARM_CM4F -I../Drivers/CMSIS/Device/ST/STM32F4xx/Include -I../Drivers/CMSIS/Include -I../Core/ThreadSafe -I"C:/Users/liushaw/Desktop/STM32F407/Motor_bridge/Middlewares/Third_Party/Agv/Core/include" -I"C:/Users/liushaw/Desktop/STM32F407/Motor_bridge/Middlewares/Third_Party/Agv/Factory/include" -I"C:/Users/liushaw/Desktop/STM32F407/Motor_bridge/Middlewares/Third_Party/Agv/Communication_pack/include" -I"C:/Users/liushaw/Desktop/STM32F407/Motor_bridge/Middlewares/Third_Party/Agv/Host_communication/include" -I"C:/Users/liushaw/Desktop/STM32F407/Motor_bridge/Middlewares/Third_Party/Agv/Motors/include" -I"C:/Users/liushaw/Desktop/STM32F407/Motor_bridge/Middlewares/Third_Party/Agv/Control/include" -I"C:/Users/liushaw/Desktop/STM32F407/Motor_bridge/Middlewares/Third_Party/Agv/Kinematics/include" -O0 -ffunction-sections -fdata-sections -Wall -fstack-usage -fcyclomatic-complexity -MMD -MP -MF"Core/Src/agv_app.d" -MT"Core/Src/agv_app.o" --specs=nano.specs -mfpu=fpv4-sp-d16 -mfloat-abi=hard -mthumb -o "Core/Src/agv_app.o"
arm-none-eabi-gcc "../Core/Src/freertos.c" -mcpu=cortex-m4 -std=gnu11 -g3 -DDEBUG -DUSE_HAL_DRIVER -DSTM32F407xx -DSTM32_THREAD_SAFE_STRATEGY=5 -c -I../Core/Inc -I../Drivers/STM32F4xx_HAL_Driver/Inc -I../Drivers/STM32F4xx_HAL_Driver/Inc/Legacy -I../Middlewares/Third_Party/FreeRTOS/Source/include -I../Middlewares/Third_Party/FreeRTOS/Source/CMSIS_RTOS_V2 -I../Middlewares/Third_Party/FreeRTOS/Source/portable/GCC/ARM_CM4F -I../Drivers/CMSIS/Device/ST/STM32F4xx/Include -I../Drivers/CMSIS/Include -I../Core/ThreadSafe -I"C:/Users/liushaw/Desktop/STM32F407/Motor_bridge/Middlewares/Third_Party/Agv/Core/include" -I"C:/Users/liushaw/Desktop/STM32F407/Motor_bridge/Middlewares/Third_Party/Agv/Factory/include" -I"C:/Users/liushaw/Desktop/STM32F407/Motor_bridge/Middlewares/Third_Party/Agv/Communication_pack/include" -I"C:/Users/liushaw/Desktop/STM32F407/Motor_bridge/Middlewares/Third_Party/Agv/Host_communication/include" -I"C:/Users/liushaw/Desktop/STM32F407/Motor_bridge/Middlewares/Third_Party/Agv/Motors/include" -I"C:/Users/liushaw/Desktop/STM32F407/Motor_bridge/Middlewares/Third_Party/Agv/Control/include" -I"C:/Users/liushaw/Desktop/STM32F407/Motor_bridge/Middlewares/Third_Party/Agv/Kinematics/include" -O0 -ffunction-sections -fdata-sections -Wall -fstack-usage -fcyclomatic-complexity -MMD -MP -MF"Core/Src/freertos.d" -MT"Core/Src/freertos.o" --specs=nano.specs -mfpu=fpv4-sp-d16 -mfloat-abi=hard -mthumb -o "Core/Src/freertos.o"
arm-none-eabi-gcc "../Core/Src/main.c" -mcpu=cortex-m4 -std=gnu11 -g3 -DDEBUG -DUSE_HAL_DRIVER -DSTM32F407xx -DSTM32_THREAD_SAFE_STRATEGY=5 -c -I../Core/Inc -I../Drivers/STM32F4xx_HAL_Driver/Inc -I../Drivers/STM32F4xx_HAL_Driver/Inc/Legacy -I../Middlewares/Third_Party/FreeRTOS/Source/include -I../Middlewares/Third_Party/FreeRTOS/Source/CMSIS_RTOS_V2 -I../Middlewares/Third_Party/FreeRTOS/Source/portable/GCC/ARM_CM4F -I../Drivers/CMSIS/Device/ST/STM32F4xx/Include -I../Drivers/CMSIS/Include -I../Core/ThreadSafe -I"C:/Users/liushaw/Desktop/STM32F407/Motor_bridge/Middlewares/Third_Party/Agv/Core/include" -I"C:/Users/liushaw/Desktop/STM32F407/Motor_bridge/Middlewares/Third_Party/Agv/Factory/include" -I"C:/Users/liushaw/Desktop/STM32F407/Motor_bridge/Middlewares/Third_Party/Agv/Communication_pack/include" -I"C:/Users/liushaw/Desktop/STM32F407/Motor_bridge/Middlewares/Third_Party/Agv/Host_communication/include" -I"C:/Users/liushaw/Desktop/STM32F407/Motor_bridge/Middlewares/Third_Party/Agv/Motors/include" -I"C:/Users/liushaw/Desktop/STM32F407/Motor_bridge/Middlewares/Third_Party/Agv/Control/include" -I"C:/Users/liushaw/Desktop/STM32F407/Motor_bridge/Middlewares/Third_Party/Agv/Kinematics/include" -O0 -ffunction-sections -fdata-sections -Wall -fstack-usage -fcyclomatic-complexity -MMD -MP -MF"Core/Src/main.d" -MT"Core/Src/main.o" --specs=nano.specs -mfpu=fpv4-sp-d16 -mfloat-abi=hard -mthumb -o "Core/Src/main.o"
../Middlewares/Third_Party/Agv/Core/src/core.c: In function 'AgvCore_step_body_control':
../Middlewares/Third_Party/Agv/Core/src/core.c:63:1: warning: control reaches end of non-void function [-Wreturn-type]
   63 | }
      | ^
../Core/Src/freertos.c: In function 'AgvHeartbeatTask':
../Core/Src/freertos.c:202:9: warning: variable 'code' set but not used [-Wunused-but-set-variable]
  202 |     int code = AGV_OK;
      |         ^~~~
../Core/Src/freertos.c: In function 'AgvHostMsgCallbackTask':
../Core/Src/freertos.c:232:13: warning: unused variable 'code' [-Wunused-variable]
  232 |         int code = AgvCore_step_on_host_msg(s_agv_core);
      |             ^~~~
../Core/Src/main.c: In function 'main':
../Core/Src/main.c:114:40: warning: passing argument 5 of 'Agv_garmin_init' from incompatible pointer type [-Wincompatible-pointer-types]
  114 |                     &kine_mecanum_cfg, &ctrl_passthrough_cfg);
      |                                        ^~~~~~~~~~~~~~~~~~~~~
      |                                        |
      |                                        AgvCtrlPassthroughConfig *
In file included from ../Core/Src/main.c:35:
../Core/Inc/agv_app.h:14:39: note: expected 'AgvCtrlPidConfig *' but argument is of type 'AgvCtrlPassthroughConfig *'
   14 |                     AgvCtrlPidConfig* pid_cfg);
      |                     ~~~~~~~~~~~~~~~~~~^~~~~~~
arm-none-eabi-gcc -o "Motor_bridge.elf" @"objects.list"   -mcpu=cortex-m4 -T"C:\Users\liushaw\Desktop\STM32F407\Motor_bridge\STM32F407VGTX_FLASH.ld" --specs=nosys.specs -Wl,-Map="Motor_bridge.map" -Wl,--gc-sections -static --specs=nano.specs -mfpu=fpv4-sp-d16 -mfloat-abi=hard -mthumb -u _printf_float -u _scanf_float -Wl,--start-group -lc -lm -Wl,--end-group
Finished building target: Motor_bridge.elf
 
arm-none-eabi-size  Motor_bridge.elf 
arm-none-eabi-objdump -h -S Motor_bridge.elf  > "Motor_bridge.list"
   text	   data	    bss	    dec	    hex	filename
  80148	    472	  72240	 152860	  2551c	Motor_bridge.elf
Finished building: default.size.stdout
 
Finished building: Motor_bridge.list
 
09:08:28 **** Incremental Build of configuration Debug for project Motor_bridge ****
make -j18 all 
arm-none-eabi-gcc "../Core/Src/main.c" -mcpu=cortex-m4 -std=gnu11 -g3 -DDEBUG -DUSE_HAL_DRIVER -DSTM32F407xx -DSTM32_THREAD_SAFE_STRATEGY=5 -c -I../Core/Inc -I../Drivers/STM32F4xx_HAL_Driver/Inc -I../Drivers/STM32F4xx_HAL_Driver/Inc/Legacy -I../Middlewares/Third_Party/FreeRTOS/Source/include -I../Middlewares/Third_Party/FreeRTOS/Source/CMSIS_RTOS_V2 -I../Middlewares/Third_Party/FreeRTOS/Source/portable/GCC/ARM_CM4F -I../Drivers/CMSIS/Device/ST/STM32F4xx/Include -I../Drivers/CMSIS/Include -I../Core/ThreadSafe -I"C:/Users/liushaw/Desktop/STM32F407/Motor_bridge/Middlewares/Third_Party/Agv/Core/include" -I"C:/Users/liushaw/Desktop/STM32F407/Motor_bridge/Middlewares/Third_Party/Agv/Factory/include" -I"C:/Users/liushaw/Desktop/STM32F407/Motor_bridge/Middlewares/Third_Party/Agv/Communication_pack/include" -I"C:/Users/liushaw/Desktop/STM32F407/Motor_bridge/Middlewares/Third_Party/Agv/Host_communication/include" -I"C:/Users/liushaw/Desktop/STM32F407/Motor_bridge/Middlewares/Third_Party/Agv/Motors/include" -I"C:/Users/liushaw/Desktop/STM32F407/Motor_bridge/Middlewares/Third_Party/Agv/Control/include" -I"C:/Users/liushaw/Desktop/STM32F407/Motor_bridge/Middlewares/Third_Party/Agv/Kinematics/include" -O0 -ffunction-sections -fdata-sections -Wall -fstack-usage -fcyclomatic-complexity -MMD -MP -MF"Core/Src/main.d" -MT"Core/Src/main.o" --specs=nano.specs -mfpu=fpv4-sp-d16 -mfloat-abi=hard -mthumb -o "Core/Src/main.o"
arm-none-eabi-gcc -o "Motor_bridge.elf" @"objects.list"   -mcpu=cortex-m4 -T"C:\Users\liushaw\Desktop\STM32F407\Motor_bridge\STM32F407VGTX_FLASH.ld" --specs=nosys.specs -Wl,-Map="Motor_bridge.map" -Wl,--gc-sections -static --specs=nano.specs -mfpu=fpv4-sp-d16 -mfloat-abi=hard -mthumb -u _printf_float -u _scanf_float -Wl,--start-group -lc -lm -Wl,--end-group
Finished building target: Motor_bridge.elf
 
arm-none-eabi-size  Motor_bridge.elf 
arm-none-eabi-objdump -h -S Motor_bridge.elf  > "Motor_bridge.list"
   text	   data	    bss	    dec	    hex	filename
  80148	    472	  72264	 152884	  25534	Motor_bridge.elf
Finished building: default.size.stdout
 
Finished building: Motor_bridge.list
 
09:18:35 **** Incremental Build of configuration Debug for project Motor_bridge ****
make -j18 all 
arm-none-eabi-gcc "../Middlewares/Third_Party/Agv/Core/src/core.c" -mcpu=cortex-m4 -std=gnu11 -g3 -DDEBUG -DUSE_HAL_DRIVER -DSTM32F407xx -DSTM32_THREAD_SAFE_STRATEGY=5 -c -I../Core/Inc -I../Drivers/STM32F4xx_HAL_Driver/Inc -I../Drivers/STM32F4xx_HAL_Driver/Inc/Legacy -I../Middlewares/Third_Party/FreeRTOS/Source/include -I../Middlewares/Third_Party/FreeRTOS/Source/CMSIS_RTOS_V2 -I../Middlewares/Third_Party/FreeRTOS/Source/portable/GCC/ARM_CM4F -I../Drivers/CMSIS/Device/ST/STM32F4xx/Include -I../Drivers/CMSIS/Include -I../Core/ThreadSafe -I"C:/Users/liushaw/Desktop/STM32F407/Motor_bridge/Middlewares/Third_Party/Agv/Core/include" -I"C:/Users/liushaw/Desktop/STM32F407/Motor_bridge/Middlewares/Third_Party/Agv/Factory/include" -I"C:/Users/liushaw/Desktop/STM32F407/Motor_bridge/Middlewares/Third_Party/Agv/Communication_pack/include" -I"C:/Users/liushaw/Desktop/STM32F407/Motor_bridge/Middlewares/Third_Party/Agv/Host_communication/include" -I"C:/Users/liushaw/Desktop/STM32F407/Motor_bridge/Middlewares/Third_Party/Agv/Motors/include" -I"C:/Users/liushaw/Desktop/STM32F407/Motor_bridge/Middlewares/Third_Party/Agv/Control/include" -I"C:/Users/liushaw/Desktop/STM32F407/Motor_bridge/Middlewares/Third_Party/Agv/Kinematics/include" -O0 -ffunction-sections -fdata-sections -Wall -fstack-usage -fcyclomatic-complexity -MMD -MP -MF"Middlewares/Third_Party/Agv/Core/src/core.d" -MT"Middlewares/Third_Party/Agv/Core/src/core.o" --specs=nano.specs -mfpu=fpv4-sp-d16 -mfloat-abi=hard -mthumb -o "Middlewares/Third_Party/Agv/Core/src/core.o"
arm-none-eabi-gcc "../Middlewares/Third_Party/Agv/Control/src/pid.c" -mcpu=cortex-m4 -std=gnu11 -g3 -DDEBUG -DUSE_HAL_DRIVER -DSTM32F407xx -DSTM32_THREAD_SAFE_STRATEGY=5 -c -I../Core/Inc -I../Drivers/STM32F4xx_HAL_Driver/Inc -I../Drivers/STM32F4xx_HAL_Driver/Inc/Legacy -I../Middlewares/Third_Party/FreeRTOS/Source/include -I../Middlewares/Third_Party/FreeRTOS/Source/CMSIS_RTOS_V2 -I../Middlewares/Third_Party/FreeRTOS/Source/portable/GCC/ARM_CM4F -I../Drivers/CMSIS/Device/ST/STM32F4xx/Include -I../Drivers/CMSIS/Include -I../Core/ThreadSafe -I"C:/Users/liushaw/Desktop/STM32F407/Motor_bridge/Middlewares/Third_Party/Agv/Core/include" -I"C:/Users/liushaw/Desktop/STM32F407/Motor_bridge/Middlewares/Third_Party/Agv/Factory/include" -I"C:/Users/liushaw/Desktop/STM32F407/Motor_bridge/Middlewares/Third_Party/Agv/Communication_pack/include" -I"C:/Users/liushaw/Desktop/STM32F407/Motor_bridge/Middlewares/Third_Party/Agv/Host_communication/include" -I"C:/Users/liushaw/Desktop/STM32F407/Motor_bridge/Middlewares/Third_Party/Agv/Motors/include" -I"C:/Users/liushaw/Desktop/STM32F407/Motor_bridge/Middlewares/Third_Party/Agv/Control/include" -I"C:/Users/liushaw/Desktop/STM32F407/Motor_bridge/Middlewares/Third_Party/Agv/Kinematics/include" -O0 -ffunction-sections -fdata-sections -Wall -fstack-usage -fcyclomatic-complexity -MMD -MP -MF"Middlewares/Third_Party/Agv/Control/src/pid.d" -MT"Middlewares/Third_Party/Agv/Control/src/pid.o" --specs=nano.specs -mfpu=fpv4-sp-d16 -mfloat-abi=hard -mthumb -o "Middlewares/Third_Party/Agv/Control/src/pid.o"
../Middlewares/Third_Party/Agv/Control/src/pid.c: In function 'Ctrl_pid_create':
../Middlewares/Third_Party/Agv/Control/src/pid.c:63:5: warning: implicit declaration of function 'memset' [-Wimplicit-function-declaration]
   63 |     memset(&impl->vel_des, 0, sizeof(Twist2D));
      |     ^~~~~~
../Middlewares/Third_Party/Agv/Control/src/pid.c:11:1: note: include '<string.h>' or provide a declaration of 'memset'
   10 | #include "semphr.h"
  +++ |+#include <string.h>
   11 | 
../Middlewares/Third_Party/Agv/Control/src/pid.c:63:5: warning: incompatible implicit declaration of built-in function 'memset' [-Wbuiltin-declaration-mismatch]
   63 |     memset(&impl->vel_des, 0, sizeof(Twist2D));
      |     ^~~~~~
../Middlewares/Third_Party/Agv/Control/src/pid.c:63:5: note: include '<string.h>' or provide a declaration of 'memset'
../Middlewares/Third_Party/Agv/Control/src/pid.c: In function 'pid_set_des_vel':
../Middlewares/Third_Party/Agv/Control/src/pid.c:109:5: warning: implicit declaration of function 'memcpy' [-Wimplicit-function-declaration]
  109 |     memcpy(&impl->vel_des, cmd_in, sizeof(impl->vel_des));
      |     ^~~~~~
../Middlewares/Third_Party/Agv/Control/src/pid.c:109:5: note: include '<string.h>' or provide a declaration of 'memcpy'
../Middlewares/Third_Party/Agv/Core/src/core.c: In function 'AgvCore_step_body_control':
../Middlewares/Third_Party/Agv/Control/src/pid.c:109:5: warning: incompatible implicit declaration of built-in function 'memcpy' [-Wbuiltin-declaration-mismatch]
../Middlewares/Third_Party/Agv/Control/src/pid.c:109:5: note: include '<string.h>' or provide a declaration of 'memcpy'
../Middlewares/Third_Party/Agv/Core/src/core.c:63:1: warning: control reaches end of non-void function [-Wreturn-type]
   63 | }
      | ^
../Middlewares/Third_Party/Agv/Control/src/pid.c: In function 'pid_set_curr_vel':
../Middlewares/Third_Party/Agv/Control/src/pid.c:121:5: warning: incompatible implicit declaration of built-in function 'memcpy' [-Wbuiltin-declaration-mismatch]
  121 |     memcpy(&impl->vel_curr, curr_vel, sizeof(impl->vel_curr));
      |     ^~~~~~
../Middlewares/Third_Party/Agv/Control/src/pid.c:121:5: note: include '<string.h>' or provide a declaration of 'memcpy'
arm-none-eabi-gcc -o "Motor_bridge.elf" @"objects.list"   -mcpu=cortex-m4 -T"C:\Users\liushaw\Desktop\STM32F407\Motor_bridge\STM32F407VGTX_FLASH.ld" --specs=nosys.specs -Wl,-Map="Motor_bridge.map" -Wl,--gc-sections -static --specs=nano.specs -mfpu=fpv4-sp-d16 -mfloat-abi=hard -mthumb -u _printf_float -u _scanf_float -Wl,--start-group -lc -lm -Wl,--end-group
Finished building target: Motor_bridge.elf
 
arm-none-eabi-size  Motor_bridge.elf 
arm-none-eabi-objdump -h -S Motor_bridge.elf  > "Motor_bridge.list"
   text	   data	    bss	    dec	    hex	filename
  80124	    472	  72264	 152860	  2551c	Motor_bridge.elf
Finished building: default.size.stdout
 
Finished building: Motor_bridge.list
 
09:18:57 **** Incremental Build of configuration Debug for project Motor_bridge ****
make -j18 all 
arm-none-eabi-size  Motor_bridge.elf 
   text	   data	    bss	    dec	    hex	filename
  80124	    472	  72264	 152860	  2551c	Motor_bridge.elf
Finished building: default.size.stdout
 
09:21:55 **** Incremental Build of configuration Debug for project Motor_bridge ****
make -j18 all 
arm-none-eabi-gcc "../Middlewares/Third_Party/Agv/Control/src/pid.c" -mcpu=cortex-m4 -std=gnu11 -g3 -DDEBUG -DUSE_HAL_DRIVER -DSTM32F407xx -DSTM32_THREAD_SAFE_STRATEGY=5 -c -I../Core/Inc -I../Drivers/STM32F4xx_HAL_Driver/Inc -I../Drivers/STM32F4xx_HAL_Driver/Inc/Legacy -I../Middlewares/Third_Party/FreeRTOS/Source/include -I../Middlewares/Third_Party/FreeRTOS/Source/CMSIS_RTOS_V2 -I../Middlewares/Third_Party/FreeRTOS/Source/portable/GCC/ARM_CM4F -I../Drivers/CMSIS/Device/ST/STM32F4xx/Include -I../Drivers/CMSIS/Include -I../Core/ThreadSafe -I"C:/Users/liushaw/Desktop/STM32F407/Motor_bridge/Middlewares/Third_Party/Agv/Core/include" -I"C:/Users/liushaw/Desktop/STM32F407/Motor_bridge/Middlewares/Third_Party/Agv/Factory/include" -I"C:/Users/liushaw/Desktop/STM32F407/Motor_bridge/Middlewares/Third_Party/Agv/Communication_pack/include" -I"C:/Users/liushaw/Desktop/STM32F407/Motor_bridge/Middlewares/Third_Party/Agv/Host_communication/include" -I"C:/Users/liushaw/Desktop/STM32F407/Motor_bridge/Middlewares/Third_Party/Agv/Motors/include" -I"C:/Users/liushaw/Desktop/STM32F407/Motor_bridge/Middlewares/Third_Party/Agv/Control/include" -I"C:/Users/liushaw/Desktop/STM32F407/Motor_bridge/Middlewares/Third_Party/Agv/Kinematics/include" -O0 -ffunction-sections -fdata-sections -Wall -fstack-usage -fcyclomatic-complexity -MMD -MP -MF"Middlewares/Third_Party/Agv/Control/src/pid.d" -MT"Middlewares/Third_Party/Agv/Control/src/pid.o" --specs=nano.specs -mfpu=fpv4-sp-d16 -mfloat-abi=hard -mthumb -o "Middlewares/Third_Party/Agv/Control/src/pid.o"
../Middlewares/Third_Party/Agv/Control/src/pid.c: In function 'Ctrl_pid_create':
../Middlewares/Third_Party/Agv/Control/src/pid.c:63:5: warning: implicit declaration of function 'memset' [-Wimplicit-function-declaration]
   63 |     memset(&impl->vel_des, 0, sizeof(Twist2D));
      |     ^~~~~~
../Middlewares/Third_Party/Agv/Control/src/pid.c:11:1: note: include '<string.h>' or provide a declaration of 'memset'
   10 | #include "semphr.h"
  +++ |+#include <string.h>
   11 | 
../Middlewares/Third_Party/Agv/Control/src/pid.c:63:5: warning: incompatible implicit declaration of built-in function 'memset' [-Wbuiltin-declaration-mismatch]
   63 |     memset(&impl->vel_des, 0, sizeof(Twist2D));
      |     ^~~~~~
../Middlewares/Third_Party/Agv/Control/src/pid.c:63:5: note: include '<string.h>' or provide a declaration of 'memset'
../Middlewares/Third_Party/Agv/Control/src/pid.c: In function 'pid_set_des_vel':
../Middlewares/Third_Party/Agv/Control/src/pid.c:109:5: warning: implicit declaration of function 'memcpy' [-Wimplicit-function-declaration]
  109 |     memcpy(&impl->vel_des, cmd_in, sizeof(impl->vel_des));
      |     ^~~~~~
../Middlewares/Third_Party/Agv/Control/src/pid.c:109:5: note: include '<string.h>' or provide a declaration of 'memcpy'
../Middlewares/Third_Party/Agv/Control/src/pid.c:109:5: warning: incompatible implicit declaration of built-in function 'memcpy' [-Wbuiltin-declaration-mismatch]
../Middlewares/Third_Party/Agv/Control/src/pid.c:109:5: note: include '<string.h>' or provide a declaration of 'memcpy'
../Middlewares/Third_Party/Agv/Control/src/pid.c: In function 'pid_set_curr_vel':
../Middlewares/Third_Party/Agv/Control/src/pid.c:121:5: warning: incompatible implicit declaration of built-in function 'memcpy' [-Wbuiltin-declaration-mismatch]
  121 |     memcpy(&impl->vel_curr, curr_vel, sizeof(impl->vel_curr));
      |     ^~~~~~
../Middlewares/Third_Party/Agv/Control/src/pid.c:121:5: note: include '<string.h>' or provide a declaration of 'memcpy'
arm-none-eabi-gcc -o "Motor_bridge.elf" @"objects.list"   -mcpu=cortex-m4 -T"C:\Users\liushaw\Desktop\STM32F407\Motor_bridge\STM32F407VGTX_FLASH.ld" --specs=nosys.specs -Wl,-Map="Motor_bridge.map" -Wl,--gc-sections -static --specs=nano.specs -mfpu=fpv4-sp-d16 -mfloat-abi=hard -mthumb -u _printf_float -u _scanf_float -Wl,--start-group -lc -lm -Wl,--end-group
Finished building target: Motor_bridge.elf
 
arm-none-eabi-size  Motor_bridge.elf 
arm-none-eabi-objdump -h -S Motor_bridge.elf  > "Motor_bridge.list"
   text	   data	    bss	    dec	    hex	filename
  80124	    472	  72264	 152860	  2551c	Motor_bridge.elf
Finished building: default.size.stdout
 
Finished building: Motor_bridge.list
 
09:23:51 **** Incremental Build of configuration Debug for project Motor_bridge ****
make -j18 all 
arm-none-eabi-gcc "../Core/Src/joystick.c" -mcpu=cortex-m4 -std=gnu11 -g3 -DDEBUG -DUSE_HAL_DRIVER -DSTM32F407xx -DSTM32_THREAD_SAFE_STRATEGY=5 -c -I../Core/Inc -I../Drivers/STM32F4xx_HAL_Driver/Inc -I../Drivers/STM32F4xx_HAL_Driver/Inc/Legacy -I../Middlewares/Third_Party/FreeRTOS/Source/include -I../Middlewares/Third_Party/FreeRTOS/Source/CMSIS_RTOS_V2 -I../Middlewares/Third_Party/FreeRTOS/Source/portable/GCC/ARM_CM4F -I../Drivers/CMSIS/Device/ST/STM32F4xx/Include -I../Drivers/CMSIS/Include -I../Core/ThreadSafe -I"C:/Users/liushaw/Desktop/STM32F407/Motor_bridge/Middlewares/Third_Party/Agv/Core/include" -I"C:/Users/liushaw/Desktop/STM32F407/Motor_bridge/Middlewares/Third_Party/Agv/Factory/include" -I"C:/Users/liushaw/Desktop/STM32F407/Motor_bridge/Middlewares/Third_Party/Agv/Communication_pack/include" -I"C:/Users/liushaw/Desktop/STM32F407/Motor_bridge/Middlewares/Third_Party/Agv/Host_communication/include" -I"C:/Users/liushaw/Desktop/STM32F407/Motor_bridge/Middlewares/Third_Party/Agv/Motors/include" -I"C:/Users/liushaw/Desktop/STM32F407/Motor_bridge/Middlewares/Third_Party/Agv/Control/include" -I"C:/Users/liushaw/Desktop/STM32F407/Motor_bridge/Middlewares/Third_Party/Agv/Kinematics/include" -O0 -ffunction-sections -fdata-sections -Wall -fstack-usage -fcyclomatic-complexity -MMD -MP -MF"Core/Src/joystick.d" -MT"Core/Src/joystick.o" --specs=nano.specs -mfpu=fpv4-sp-d16 -mfloat-abi=hard -mthumb -o "Core/Src/joystick.o"
arm-none-eabi-gcc -o "Motor_bridge.elf" @"objects.list"   -mcpu=cortex-m4 -T"C:\Users\liushaw\Desktop\STM32F407\Motor_bridge\STM32F407VGTX_FLASH.ld" --specs=nosys.specs -Wl,-Map="Motor_bridge.map" -Wl,--gc-sections -static --specs=nano.specs -mfpu=fpv4-sp-d16 -mfloat-abi=hard -mthumb -u _printf_float -u _scanf_float -Wl,--start-group -lc -lm -Wl,--end-group
Finished building target: Motor_bridge.elf
 
arm-none-eabi-size  Motor_bridge.elf 
arm-none-eabi-objdump -h -S Motor_bridge.elf  > "Motor_bridge.list"
   text	   data	    bss	    dec	    hex	filename
  80124	    472	  72264	 152860	  2551c	Motor_bridge.elf
Finished building: default.size.stdout
 
Finished building: Motor_bridge.list
 
09:25:05 **** Incremental Build of configuration Debug for project Motor_bridge ****
make -j18 all 
arm-none-eabi-gcc "../Core/Src/joystick.c" -mcpu=cortex-m4 -std=gnu11 -g3 -DDEBUG -DUSE_HAL_DRIVER -DSTM32F407xx -DSTM32_THREAD_SAFE_STRATEGY=5 -c -I../Core/Inc -I../Drivers/STM32F4xx_HAL_Driver/Inc -I../Drivers/STM32F4xx_HAL_Driver/Inc/Legacy -I../Middlewares/Third_Party/FreeRTOS/Source/include -I../Middlewares/Third_Party/FreeRTOS/Source/CMSIS_RTOS_V2 -I../Middlewares/Third_Party/FreeRTOS/Source/portable/GCC/ARM_CM4F -I../Drivers/CMSIS/Device/ST/STM32F4xx/Include -I../Drivers/CMSIS/Include -I../Core/ThreadSafe -I"C:/Users/liushaw/Desktop/STM32F407/Motor_bridge/Middlewares/Third_Party/Agv/Core/include" -I"C:/Users/liushaw/Desktop/STM32F407/Motor_bridge/Middlewares/Third_Party/Agv/Factory/include" -I"C:/Users/liushaw/Desktop/STM32F407/Motor_bridge/Middlewares/Third_Party/Agv/Communication_pack/include" -I"C:/Users/liushaw/Desktop/STM32F407/Motor_bridge/Middlewares/Third_Party/Agv/Host_communication/include" -I"C:/Users/liushaw/Desktop/STM32F407/Motor_bridge/Middlewares/Third_Party/Agv/Motors/include" -I"C:/Users/liushaw/Desktop/STM32F407/Motor_bridge/Middlewares/Third_Party/Agv/Control/include" -I"C:/Users/liushaw/Desktop/STM32F407/Motor_bridge/Middlewares/Third_Party/Agv/Kinematics/include" -O0 -ffunction-sections -fdata-sections -Wall -fstack-usage -fcyclomatic-complexity -MMD -MP -MF"Core/Src/joystick.d" -MT"Core/Src/joystick.o" --specs=nano.specs -mfpu=fpv4-sp-d16 -mfloat-abi=hard -mthumb -o "Core/Src/joystick.o"
arm-none-eabi-gcc -o "Motor_bridge.elf" @"objects.list"   -mcpu=cortex-m4 -T"C:\Users\liushaw\Desktop\STM32F407\Motor_bridge\STM32F407VGTX_FLASH.ld" --specs=nosys.specs -Wl,-Map="Motor_bridge.map" -Wl,--gc-sections -static --specs=nano.specs -mfpu=fpv4-sp-d16 -mfloat-abi=hard -mthumb -u _printf_float -u _scanf_float -Wl,--start-group -lc -lm -Wl,--end-group
Finished building target: Motor_bridge.elf
 
arm-none-eabi-size  Motor_bridge.elf 
arm-none-eabi-objdump -h -S Motor_bridge.elf  > "Motor_bridge.list"
   text	   data	    bss	    dec	    hex	filename
  80124	    472	  72264	 152860	  2551c	Motor_bridge.elf
Finished building: default.size.stdout
 
Finished building: Motor_bridge.list
 
09:27:24 **** Incremental Build of configuration Debug for project Motor_bridge ****
make -j18 all 
arm-none-eabi-gcc "../Middlewares/Third_Party/Agv/Control/src/pid.c" -mcpu=cortex-m4 -std=gnu11 -g3 -DDEBUG -DUSE_HAL_DRIVER -DSTM32F407xx -DSTM32_THREAD_SAFE_STRATEGY=5 -c -I../Core/Inc -I../Drivers/STM32F4xx_HAL_Driver/Inc -I../Drivers/STM32F4xx_HAL_Driver/Inc/Legacy -I../Middlewares/Third_Party/FreeRTOS/Source/include -I../Middlewares/Third_Party/FreeRTOS/Source/CMSIS_RTOS_V2 -I../Middlewares/Third_Party/FreeRTOS/Source/portable/GCC/ARM_CM4F -I../Drivers/CMSIS/Device/ST/STM32F4xx/Include -I../Drivers/CMSIS/Include -I../Core/ThreadSafe -I"C:/Users/liushaw/Desktop/STM32F407/Motor_bridge/Middlewares/Third_Party/Agv/Core/include" -I"C:/Users/liushaw/Desktop/STM32F407/Motor_bridge/Middlewares/Third_Party/Agv/Factory/include" -I"C:/Users/liushaw/Desktop/STM32F407/Motor_bridge/Middlewares/Third_Party/Agv/Communication_pack/include" -I"C:/Users/liushaw/Desktop/STM32F407/Motor_bridge/Middlewares/Third_Party/Agv/Host_communication/include" -I"C:/Users/liushaw/Desktop/STM32F407/Motor_bridge/Middlewares/Third_Party/Agv/Motors/include" -I"C:/Users/liushaw/Desktop/STM32F407/Motor_bridge/Middlewares/Third_Party/Agv/Control/include" -I"C:/Users/liushaw/Desktop/STM32F407/Motor_bridge/Middlewares/Third_Party/Agv/Kinematics/include" -O0 -ffunction-sections -fdata-sections -Wall -fstack-usage -fcyclomatic-complexity -MMD -MP -MF"Middlewares/Third_Party/Agv/Control/src/pid.d" -MT"Middlewares/Third_Party/Agv/Control/src/pid.o" --specs=nano.specs -mfpu=fpv4-sp-d16 -mfloat-abi=hard -mthumb -o "Middlewares/Third_Party/Agv/Control/src/pid.o"
../Middlewares/Third_Party/Agv/Control/src/pid.c: In function 'Ctrl_pid_create':
../Middlewares/Third_Party/Agv/Control/src/pid.c:63:5: warning: implicit declaration of function 'memset' [-Wimplicit-function-declaration]
   63 |     memset(&impl->vel_des, 0, sizeof(Twist2D));
      |     ^~~~~~
../Middlewares/Third_Party/Agv/Control/src/pid.c:11:1: note: include '<string.h>' or provide a declaration of 'memset'
   10 | #include "semphr.h"
  +++ |+#include <string.h>
   11 | 
../Middlewares/Third_Party/Agv/Control/src/pid.c:63:5: warning: incompatible implicit declaration of built-in function 'memset' [-Wbuiltin-declaration-mismatch]
   63 |     memset(&impl->vel_des, 0, sizeof(Twist2D));
      |     ^~~~~~
../Middlewares/Third_Party/Agv/Control/src/pid.c:63:5: note: include '<string.h>' or provide a declaration of 'memset'
../Middlewares/Third_Party/Agv/Control/src/pid.c: In function 'pid_set_des_vel':
../Middlewares/Third_Party/Agv/Control/src/pid.c:109:5: warning: implicit declaration of function 'memcpy' [-Wimplicit-function-declaration]
  109 |     memcpy(&impl->vel_des, cmd_in, sizeof(impl->vel_des));
      |     ^~~~~~
../Middlewares/Third_Party/Agv/Control/src/pid.c:109:5: note: include '<string.h>' or provide a declaration of 'memcpy'
../Middlewares/Third_Party/Agv/Control/src/pid.c:109:5: warning: incompatible implicit declaration of built-in function 'memcpy' [-Wbuiltin-declaration-mismatch]
../Middlewares/Third_Party/Agv/Control/src/pid.c:109:5: note: include '<string.h>' or provide a declaration of 'memcpy'
../Middlewares/Third_Party/Agv/Control/src/pid.c: In function 'pid_set_curr_vel':
../Middlewares/Third_Party/Agv/Control/src/pid.c:121:5: warning: incompatible implicit declaration of built-in function 'memcpy' [-Wbuiltin-declaration-mismatch]
  121 |     memcpy(&impl->vel_curr, curr_vel, sizeof(impl->vel_curr));
      |     ^~~~~~
../Middlewares/Third_Party/Agv/Control/src/pid.c:121:5: note: include '<string.h>' or provide a declaration of 'memcpy'
arm-none-eabi-gcc -o "Motor_bridge.elf" @"objects.list"   -mcpu=cortex-m4 -T"C:\Users\liushaw\Desktop\STM32F407\Motor_bridge\STM32F407VGTX_FLASH.ld" --specs=nosys.specs -Wl,-Map="Motor_bridge.map" -Wl,--gc-sections -static --specs=nano.specs -mfpu=fpv4-sp-d16 -mfloat-abi=hard -mthumb -u _printf_float -u _scanf_float -Wl,--start-group -lc -lm -Wl,--end-group
Finished building target: Motor_bridge.elf
 
arm-none-eabi-size  Motor_bridge.elf 
arm-none-eabi-objdump -h -S Motor_bridge.elf  > "Motor_bridge.list"
   text	   data	    bss	    dec	    hex	filename
  80220	    472	  72264	 152956	  2557c	Motor_bridge.elf
Finished building: default.size.stdout
 
Finished building: Motor_bridge.list
 
09:28:06 **** Incremental Build of configuration Debug for project Motor_bridge ****
make -j18 all 
arm-none-eabi-gcc "../Middlewares/Third_Party/Agv/Control/src/pid.c" -mcpu=cortex-m4 -std=gnu11 -g3 -DDEBUG -DUSE_HAL_DRIVER -DSTM32F407xx -DSTM32_THREAD_SAFE_STRATEGY=5 -c -I../Core/Inc -I../Drivers/STM32F4xx_HAL_Driver/Inc -I../Drivers/STM32F4xx_HAL_Driver/Inc/Legacy -I../Middlewares/Third_Party/FreeRTOS/Source/include -I../Middlewares/Third_Party/FreeRTOS/Source/CMSIS_RTOS_V2 -I../Middlewares/Third_Party/FreeRTOS/Source/portable/GCC/ARM_CM4F -I../Drivers/CMSIS/Device/ST/STM32F4xx/Include -I../Drivers/CMSIS/Include -I../Core/ThreadSafe -I"C:/Users/liushaw/Desktop/STM32F407/Motor_bridge/Middlewares/Third_Party/Agv/Core/include" -I"C:/Users/liushaw/Desktop/STM32F407/Motor_bridge/Middlewares/Third_Party/Agv/Factory/include" -I"C:/Users/liushaw/Desktop/STM32F407/Motor_bridge/Middlewares/Third_Party/Agv/Communication_pack/include" -I"C:/Users/liushaw/Desktop/STM32F407/Motor_bridge/Middlewares/Third_Party/Agv/Host_communication/include" -I"C:/Users/liushaw/Desktop/STM32F407/Motor_bridge/Middlewares/Third_Party/Agv/Motors/include" -I"C:/Users/liushaw/Desktop/STM32F407/Motor_bridge/Middlewares/Third_Party/Agv/Control/include" -I"C:/Users/liushaw/Desktop/STM32F407/Motor_bridge/Middlewares/Third_Party/Agv/Kinematics/include" -O0 -ffunction-sections -fdata-sections -Wall -fstack-usage -fcyclomatic-complexity -MMD -MP -MF"Middlewares/Third_Party/Agv/Control/src/pid.d" -MT"Middlewares/Third_Party/Agv/Control/src/pid.o" --specs=nano.specs -mfpu=fpv4-sp-d16 -mfloat-abi=hard -mthumb -o "Middlewares/Third_Party/Agv/Control/src/pid.o"
../Middlewares/Third_Party/Agv/Control/src/pid.c: In function 'Ctrl_pid_create':
../Middlewares/Third_Party/Agv/Control/src/pid.c:63:5: warning: implicit declaration of function 'memset' [-Wimplicit-function-declaration]
   63 |     memset(&impl->vel_des, 0, sizeof(Twist2D));
      |     ^~~~~~
../Middlewares/Third_Party/Agv/Control/src/pid.c:11:1: note: include '<string.h>' or provide a declaration of 'memset'
   10 | #include "semphr.h"
  +++ |+#include <string.h>
   11 | 
../Middlewares/Third_Party/Agv/Control/src/pid.c:63:5: warning: incompatible implicit declaration of built-in function 'memset' [-Wbuiltin-declaration-mismatch]
   63 |     memset(&impl->vel_des, 0, sizeof(Twist2D));
      |     ^~~~~~
../Middlewares/Third_Party/Agv/Control/src/pid.c:63:5: note: include '<string.h>' or provide a declaration of 'memset'
../Middlewares/Third_Party/Agv/Control/src/pid.c: In function 'pid_set_des_vel':
../Middlewares/Third_Party/Agv/Control/src/pid.c:109:5: warning: implicit declaration of function 'memcpy' [-Wimplicit-function-declaration]
  109 |     memcpy(&impl->vel_des, cmd_in, sizeof(impl->vel_des));
      |     ^~~~~~
../Middlewares/Third_Party/Agv/Control/src/pid.c:109:5: note: include '<string.h>' or provide a declaration of 'memcpy'
../Middlewares/Third_Party/Agv/Control/src/pid.c:109:5: warning: incompatible implicit declaration of built-in function 'memcpy' [-Wbuiltin-declaration-mismatch]
../Middlewares/Third_Party/Agv/Control/src/pid.c:109:5: note: include '<string.h>' or provide a declaration of 'memcpy'
../Middlewares/Third_Party/Agv/Control/src/pid.c: In function 'pid_set_curr_vel':
../Middlewares/Third_Party/Agv/Control/src/pid.c:121:5: warning: incompatible implicit declaration of built-in function 'memcpy' [-Wbuiltin-declaration-mismatch]
  121 |     memcpy(&impl->vel_curr, curr_vel, sizeof(impl->vel_curr));
      |     ^~~~~~
../Middlewares/Third_Party/Agv/Control/src/pid.c:121:5: note: include '<string.h>' or provide a declaration of 'memcpy'
arm-none-eabi-gcc -o "Motor_bridge.elf" @"objects.list"   -mcpu=cortex-m4 -T"C:\Users\liushaw\Desktop\STM32F407\Motor_bridge\STM32F407VGTX_FLASH.ld" --specs=nosys.specs -Wl,-Map="Motor_bridge.map" -Wl,--gc-sections -static --specs=nano.specs -mfpu=fpv4-sp-d16 -mfloat-abi=hard -mthumb -u _printf_float -u _scanf_float -Wl,--start-group -lc -lm -Wl,--end-group
Finished building target: Motor_bridge.elf
 
arm-none-eabi-size  Motor_bridge.elf 
arm-none-eabi-objdump -h -S Motor_bridge.elf  > "Motor_bridge.list"
   text	   data	    bss	    dec	    hex	filename
  80220	    472	  72264	 152956	  2557c	Motor_bridge.elf
Finished building: default.size.stdout
 
Finished building: Motor_bridge.list
 
09:34:04 **** Incremental Build of configuration Debug for project Motor_bridge ****
make -j18 all 
arm-none-eabi-gcc "../Middlewares/Third_Party/Agv/Kinematics/src/mecanum.c" -mcpu=cortex-m4 -std=gnu11 -g3 -DDEBUG -DUSE_HAL_DRIVER -DSTM32F407xx -DSTM32_THREAD_SAFE_STRATEGY=5 -c -I../Core/Inc -I../Drivers/STM32F4xx_HAL_Driver/Inc -I../Drivers/STM32F4xx_HAL_Driver/Inc/Legacy -I../Middlewares/Third_Party/FreeRTOS/Source/include -I../Middlewares/Third_Party/FreeRTOS/Source/CMSIS_RTOS_V2 -I../Middlewares/Third_Party/FreeRTOS/Source/portable/GCC/ARM_CM4F -I../Drivers/CMSIS/Device/ST/STM32F4xx/Include -I../Drivers/CMSIS/Include -I../Core/ThreadSafe -I"C:/Users/liushaw/Desktop/STM32F407/Motor_bridge/Middlewares/Third_Party/Agv/Core/include" -I"C:/Users/liushaw/Desktop/STM32F407/Motor_bridge/Middlewares/Third_Party/Agv/Factory/include" -I"C:/Users/liushaw/Desktop/STM32F407/Motor_bridge/Middlewares/Third_Party/Agv/Communication_pack/include" -I"C:/Users/liushaw/Desktop/STM32F407/Motor_bridge/Middlewares/Third_Party/Agv/Host_communication/include" -I"C:/Users/liushaw/Desktop/STM32F407/Motor_bridge/Middlewares/Third_Party/Agv/Motors/include" -I"C:/Users/liushaw/Desktop/STM32F407/Motor_bridge/Middlewares/Third_Party/Agv/Control/include" -I"C:/Users/liushaw/Desktop/STM32F407/Motor_bridge/Middlewares/Third_Party/Agv/Kinematics/include" -O0 -ffunction-sections -fdata-sections -Wall -fstack-usage -fcyclomatic-complexity -MMD -MP -MF"Middlewares/Third_Party/Agv/Kinematics/src/mecanum.d" -MT"Middlewares/Third_Party/Agv/Kinematics/src/mecanum.o" --specs=nano.specs -mfpu=fpv4-sp-d16 -mfloat-abi=hard -mthumb -o "Middlewares/Third_Party/Agv/Kinematics/src/mecanum.o"
arm-none-eabi-gcc "../Core/Src/agv_app.c" -mcpu=cortex-m4 -std=gnu11 -g3 -DDEBUG -DUSE_HAL_DRIVER -DSTM32F407xx -DSTM32_THREAD_SAFE_STRATEGY=5 -c -I../Core/Inc -I../Drivers/STM32F4xx_HAL_Driver/Inc -I../Drivers/STM32F4xx_HAL_Driver/Inc/Legacy -I../Middlewares/Third_Party/FreeRTOS/Source/include -I../Middlewares/Third_Party/FreeRTOS/Source/CMSIS_RTOS_V2 -I../Middlewares/Third_Party/FreeRTOS/Source/portable/GCC/ARM_CM4F -I../Drivers/CMSIS/Device/ST/STM32F4xx/Include -I../Drivers/CMSIS/Include -I../Core/ThreadSafe -I"C:/Users/liushaw/Desktop/STM32F407/Motor_bridge/Middlewares/Third_Party/Agv/Core/include" -I"C:/Users/liushaw/Desktop/STM32F407/Motor_bridge/Middlewares/Third_Party/Agv/Factory/include" -I"C:/Users/liushaw/Desktop/STM32F407/Motor_bridge/Middlewares/Third_Party/Agv/Communication_pack/include" -I"C:/Users/liushaw/Desktop/STM32F407/Motor_bridge/Middlewares/Third_Party/Agv/Host_communication/include" -I"C:/Users/liushaw/Desktop/STM32F407/Motor_bridge/Middlewares/Third_Party/Agv/Motors/include" -I"C:/Users/liushaw/Desktop/STM32F407/Motor_bridge/Middlewares/Third_Party/Agv/Control/include" -I"C:/Users/liushaw/Desktop/STM32F407/Motor_bridge/Middlewares/Third_Party/Agv/Kinematics/include" -O0 -ffunction-sections -fdata-sections -Wall -fstack-usage -fcyclomatic-complexity -MMD -MP -MF"Core/Src/agv_app.d" -MT"Core/Src/agv_app.o" --specs=nano.specs -mfpu=fpv4-sp-d16 -mfloat-abi=hard -mthumb -o "Core/Src/agv_app.o"
../Middlewares/Third_Party/Agv/Kinematics/src/mecanum.c: In function 'Kinematics_mecanum_create':
../Middlewares/Third_Party/Agv/Kinematics/src/mecanum.c:49:5: warning: implicit declaration of function 'LOG' [-Wimplicit-function-declaration]
   49 |     LOG(out->name, "Kinematics module created");
      |     ^~~
arm-none-eabi-gcc -o "Motor_bridge.elf" @"objects.list"   -mcpu=cortex-m4 -T"C:\Users\liushaw\Desktop\STM32F407\Motor_bridge\STM32F407VGTX_FLASH.ld" --specs=nosys.specs -Wl,-Map="Motor_bridge.map" -Wl,--gc-sections -static --specs=nano.specs -mfpu=fpv4-sp-d16 -mfloat-abi=hard -mthumb -u _printf_float -u _scanf_float -Wl,--start-group -lc -lm -Wl,--end-group
Finished building target: Motor_bridge.elf
 
arm-none-eabi-size  Motor_bridge.elf 
arm-none-eabi-objdump -h -S Motor_bridge.elf  > "Motor_bridge.list"
   text	   data	    bss	    dec	    hex	filename
  80204	    472	  72264	 152940	  2556c	Motor_bridge.elf
Finished building: default.size.stdout
 
Finished building: Motor_bridge.list
 
09:36:47 **** Incremental Build of configuration Debug for project Motor_bridge ****
make -j18 all 
arm-none-eabi-gcc "../Core/Src/agv_app.c" -mcpu=cortex-m4 -std=gnu11 -g3 -DDEBUG -DUSE_HAL_DRIVER -DSTM32F407xx -DSTM32_THREAD_SAFE_STRATEGY=5 -c -I../Core/Inc -I../Drivers/STM32F4xx_HAL_Driver/Inc -I../Drivers/STM32F4xx_HAL_Driver/Inc/Legacy -I../Middlewares/Third_Party/FreeRTOS/Source/include -I../Middlewares/Third_Party/FreeRTOS/Source/CMSIS_RTOS_V2 -I../Middlewares/Third_Party/FreeRTOS/Source/portable/GCC/ARM_CM4F -I../Drivers/CMSIS/Device/ST/STM32F4xx/Include -I../Drivers/CMSIS/Include -I../Core/ThreadSafe -I"C:/Users/liushaw/Desktop/STM32F407/Motor_bridge/Middlewares/Third_Party/Agv/Core/include" -I"C:/Users/liushaw/Desktop/STM32F407/Motor_bridge/Middlewares/Third_Party/Agv/Factory/include" -I"C:/Users/liushaw/Desktop/STM32F407/Motor_bridge/Middlewares/Third_Party/Agv/Communication_pack/include" -I"C:/Users/liushaw/Desktop/STM32F407/Motor_bridge/Middlewares/Third_Party/Agv/Host_communication/include" -I"C:/Users/liushaw/Desktop/STM32F407/Motor_bridge/Middlewares/Third_Party/Agv/Motors/include" -I"C:/Users/liushaw/Desktop/STM32F407/Motor_bridge/Middlewares/Third_Party/Agv/Control/include" -I"C:/Users/liushaw/Desktop/STM32F407/Motor_bridge/Middlewares/Third_Party/Agv/Kinematics/include" -O0 -ffunction-sections -fdata-sections -Wall -fstack-usage -fcyclomatic-complexity -MMD -MP -MF"Core/Src/agv_app.d" -MT"Core/Src/agv_app.o" --specs=nano.specs -mfpu=fpv4-sp-d16 -mfloat-abi=hard -mthumb -o "Core/Src/agv_app.o"
arm-none-eabi-gcc -o "Motor_bridge.elf" @"objects.list"   -mcpu=cortex-m4 -T"C:\Users\liushaw\Desktop\STM32F407\Motor_bridge\STM32F407VGTX_FLASH.ld" --specs=nosys.specs -Wl,-Map="Motor_bridge.map" -Wl,--gc-sections -static --specs=nano.specs -mfpu=fpv4-sp-d16 -mfloat-abi=hard -mthumb -u _printf_float -u _scanf_float -Wl,--start-group -lc -lm -Wl,--end-group
Finished building target: Motor_bridge.elf
 
arm-none-eabi-size  Motor_bridge.elf 
arm-none-eabi-objdump -h -S Motor_bridge.elf  > "Motor_bridge.list"
   text	   data	    bss	    dec	    hex	filename
  80204	    472	  72264	 152940	  2556c	Motor_bridge.elf
Finished building: default.size.stdout
 
Finished building: Motor_bridge.list
 
09:41:53 **** Incremental Build of configuration Debug for project Motor_bridge ****
make -j18 all 
arm-none-eabi-gcc "../Middlewares/Third_Party/Agv/Control/src/pid.c" -mcpu=cortex-m4 -std=gnu11 -g3 -DDEBUG -DUSE_HAL_DRIVER -DSTM32F407xx -DSTM32_THREAD_SAFE_STRATEGY=5 -c -I../Core/Inc -I../Drivers/STM32F4xx_HAL_Driver/Inc -I../Drivers/STM32F4xx_HAL_Driver/Inc/Legacy -I../Middlewares/Third_Party/FreeRTOS/Source/include -I../Middlewares/Third_Party/FreeRTOS/Source/CMSIS_RTOS_V2 -I../Middlewares/Third_Party/FreeRTOS/Source/portable/GCC/ARM_CM4F -I../Drivers/CMSIS/Device/ST/STM32F4xx/Include -I../Drivers/CMSIS/Include -I../Core/ThreadSafe -I"C:/Users/liushaw/Desktop/STM32F407/Motor_bridge/Middlewares/Third_Party/Agv/Core/include" -I"C:/Users/liushaw/Desktop/STM32F407/Motor_bridge/Middlewares/Third_Party/Agv/Factory/include" -I"C:/Users/liushaw/Desktop/STM32F407/Motor_bridge/Middlewares/Third_Party/Agv/Communication_pack/include" -I"C:/Users/liushaw/Desktop/STM32F407/Motor_bridge/Middlewares/Third_Party/Agv/Host_communication/include" -I"C:/Users/liushaw/Desktop/STM32F407/Motor_bridge/Middlewares/Third_Party/Agv/Motors/include" -I"C:/Users/liushaw/Desktop/STM32F407/Motor_bridge/Middlewares/Third_Party/Agv/Control/include" -I"C:/Users/liushaw/Desktop/STM32F407/Motor_bridge/Middlewares/Third_Party/Agv/Kinematics/include" -O0 -ffunction-sections -fdata-sections -Wall -fstack-usage -fcyclomatic-complexity -MMD -MP -MF"Middlewares/Third_Party/Agv/Control/src/pid.d" -MT"Middlewares/Third_Party/Agv/Control/src/pid.o" --specs=nano.specs -mfpu=fpv4-sp-d16 -mfloat-abi=hard -mthumb -o "Middlewares/Third_Party/Agv/Control/src/pid.o"
../Middlewares/Third_Party/Agv/Control/src/pid.c: In function 'Ctrl_pid_create':
../Middlewares/Third_Party/Agv/Control/src/pid.c:63:5: warning: implicit declaration of function 'memset' [-Wimplicit-function-declaration]
   63 |     memset(&impl->vel_des, 0, sizeof(Twist2D));
      |     ^~~~~~
../Middlewares/Third_Party/Agv/Control/src/pid.c:11:1: note: include '<string.h>' or provide a declaration of 'memset'
   10 | #include "semphr.h"
  +++ |+#include <string.h>
   11 | 
../Middlewares/Third_Party/Agv/Control/src/pid.c:63:5: warning: incompatible implicit declaration of built-in function 'memset' [-Wbuiltin-declaration-mismatch]
   63 |     memset(&impl->vel_des, 0, sizeof(Twist2D));
      |     ^~~~~~
../Middlewares/Third_Party/Agv/Control/src/pid.c:63:5: note: include '<string.h>' or provide a declaration of 'memset'
../Middlewares/Third_Party/Agv/Control/src/pid.c: In function 'pid_set_des_vel':
../Middlewares/Third_Party/Agv/Control/src/pid.c:109:5: warning: implicit declaration of function 'memcpy' [-Wimplicit-function-declaration]
  109 |     memcpy(&impl->vel_des, cmd_in, sizeof(impl->vel_des));
      |     ^~~~~~
../Middlewares/Third_Party/Agv/Control/src/pid.c:109:5: note: include '<string.h>' or provide a declaration of 'memcpy'
../Middlewares/Third_Party/Agv/Control/src/pid.c:109:5: warning: incompatible implicit declaration of built-in function 'memcpy' [-Wbuiltin-declaration-mismatch]
../Middlewares/Third_Party/Agv/Control/src/pid.c:109:5: note: include '<string.h>' or provide a declaration of 'memcpy'
../Middlewares/Third_Party/Agv/Control/src/pid.c: In function 'pid_set_curr_vel':
../Middlewares/Third_Party/Agv/Control/src/pid.c:121:5: warning: incompatible implicit declaration of built-in function 'memcpy' [-Wbuiltin-declaration-mismatch]
  121 |     memcpy(&impl->vel_curr, curr_vel, sizeof(impl->vel_curr));
      |     ^~~~~~
../Middlewares/Third_Party/Agv/Control/src/pid.c:121:5: note: include '<string.h>' or provide a declaration of 'memcpy'
arm-none-eabi-gcc -o "Motor_bridge.elf" @"objects.list"   -mcpu=cortex-m4 -T"C:\Users\liushaw\Desktop\STM32F407\Motor_bridge\STM32F407VGTX_FLASH.ld" --specs=nosys.specs -Wl,-Map="Motor_bridge.map" -Wl,--gc-sections -static --specs=nano.specs -mfpu=fpv4-sp-d16 -mfloat-abi=hard -mthumb -u _printf_float -u _scanf_float -Wl,--start-group -lc -lm -Wl,--end-group
Finished building target: Motor_bridge.elf
 
arm-none-eabi-size  Motor_bridge.elf 
arm-none-eabi-objdump -h -S Motor_bridge.elf  > "Motor_bridge.list"
   text	   data	    bss	    dec	    hex	filename
  80204	    472	  72264	 152940	  2556c	Motor_bridge.elf
Finished building: default.size.stdout
 
Finished building: Motor_bridge.list
 
09:45:04 **** Incremental Build of configuration Debug for project Motor_bridge ****
make -j18 all 
arm-none-eabi-gcc "../Middlewares/Third_Party/FreeRTOS/Source/portable/MemMang/heap_4.c" -mcpu=cortex-m4 -std=gnu11 -g3 -DDEBUG -DUSE_HAL_DRIVER -DSTM32F407xx -DSTM32_THREAD_SAFE_STRATEGY=5 -c -I../Core/Inc -I../Drivers/STM32F4xx_HAL_Driver/Inc -I../Drivers/STM32F4xx_HAL_Driver/Inc/Legacy -I../Middlewares/Third_Party/FreeRTOS/Source/include -I../Middlewares/Third_Party/FreeRTOS/Source/CMSIS_RTOS_V2 -I../Middlewares/Third_Party/FreeRTOS/Source/portable/GCC/ARM_CM4F -I../Drivers/CMSIS/Device/ST/STM32F4xx/Include -I../Drivers/CMSIS/Include -I../Core/ThreadSafe -I"C:/Users/liushaw/Desktop/STM32F407/Motor_bridge/Middlewares/Third_Party/Agv/Core/include" -I"C:/Users/liushaw/Desktop/STM32F407/Motor_bridge/Middlewares/Third_Party/Agv/Factory/include" -I"C:/Users/liushaw/Desktop/STM32F407/Motor_bridge/Middlewares/Third_Party/Agv/Communication_pack/include" -I"C:/Users/liushaw/Desktop/STM32F407/Motor_bridge/Middlewares/Third_Party/Agv/Host_communication/include" -I"C:/Users/liushaw/Desktop/STM32F407/Motor_bridge/Middlewares/Third_Party/Agv/Motors/include" -I"C:/Users/liushaw/Desktop/STM32F407/Motor_bridge/Middlewares/Third_Party/Agv/Control/include" -I"C:/Users/liushaw/Desktop/STM32F407/Motor_bridge/Middlewares/Third_Party/Agv/Kinematics/include" -O0 -ffunction-sections -fdata-sections -Wall -fstack-usage -fcyclomatic-complexity -MMD -MP -MF"Middlewares/Third_Party/FreeRTOS/Source/portable/MemMang/heap_4.d" -MT"Middlewares/Third_Party/FreeRTOS/Source/portable/MemMang/heap_4.o" --specs=nano.specs -mfpu=fpv4-sp-d16 -mfloat-abi=hard -mthumb -o "Middlewares/Third_Party/FreeRTOS/Source/portable/MemMang/heap_4.o"
arm-none-eabi-gcc "../Middlewares/Third_Party/FreeRTOS/Source/portable/GCC/ARM_CM4F/port.c" -mcpu=cortex-m4 -std=gnu11 -g3 -DDEBUG -DUSE_HAL_DRIVER -DSTM32F407xx -DSTM32_THREAD_SAFE_STRATEGY=5 -c -I../Core/Inc -I../Drivers/STM32F4xx_HAL_Driver/Inc -I../Drivers/STM32F4xx_HAL_Driver/Inc/Legacy -I../Middlewares/Third_Party/FreeRTOS/Source/include -I../Middlewares/Third_Party/FreeRTOS/Source/CMSIS_RTOS_V2 -I../Middlewares/Third_Party/FreeRTOS/Source/portable/GCC/ARM_CM4F -I../Drivers/CMSIS/Device/ST/STM32F4xx/Include -I../Drivers/CMSIS/Include -I../Core/ThreadSafe -I"C:/Users/liushaw/Desktop/STM32F407/Motor_bridge/Middlewares/Third_Party/Agv/Core/include" -I"C:/Users/liushaw/Desktop/STM32F407/Motor_bridge/Middlewares/Third_Party/Agv/Factory/include" -I"C:/Users/liushaw/Desktop/STM32F407/Motor_bridge/Middlewares/Third_Party/Agv/Communication_pack/include" -I"C:/Users/liushaw/Desktop/STM32F407/Motor_bridge/Middlewares/Third_Party/Agv/Host_communication/include" -I"C:/Users/liushaw/Desktop/STM32F407/Motor_bridge/Middlewares/Third_Party/Agv/Motors/include" -I"C:/Users/liushaw/Desktop/STM32F407/Motor_bridge/Middlewares/Third_Party/Agv/Control/include" -I"C:/Users/liushaw/Desktop/STM32F407/Motor_bridge/Middlewares/Third_Party/Agv/Kinematics/include" -O0 -ffunction-sections -fdata-sections -Wall -fstack-usage -fcyclomatic-complexity -MMD -MP -MF"Middlewares/Third_Party/FreeRTOS/Source/portable/GCC/ARM_CM4F/port.d" -MT"Middlewares/Third_Party/FreeRTOS/Source/portable/GCC/ARM_CM4F/port.o" --specs=nano.specs -mfpu=fpv4-sp-d16 -mfloat-abi=hard -mthumb -o "Middlewares/Third_Party/FreeRTOS/Source/portable/GCC/ARM_CM4F/port.o"
arm-none-eabi-gcc "../Middlewares/Third_Party/FreeRTOS/Source/CMSIS_RTOS_V2/cmsis_os2.c" -mcpu=cortex-m4 -std=gnu11 -g3 -DDEBUG -DUSE_HAL_DRIVER -DSTM32F407xx -DSTM32_THREAD_SAFE_STRATEGY=5 -c -I../Core/Inc -I../Drivers/STM32F4xx_HAL_Driver/Inc -I../Drivers/STM32F4xx_HAL_Driver/Inc/Legacy -I../Middlewares/Third_Party/FreeRTOS/Source/include -I../Middlewares/Third_Party/FreeRTOS/Source/CMSIS_RTOS_V2 -I../Middlewares/Third_Party/FreeRTOS/Source/portable/GCC/ARM_CM4F -I../Drivers/CMSIS/Device/ST/STM32F4xx/Include -I../Drivers/CMSIS/Include -I../Core/ThreadSafe -I"C:/Users/liushaw/Desktop/STM32F407/Motor_bridge/Middlewares/Third_Party/Agv/Core/include" -I"C:/Users/liushaw/Desktop/STM32F407/Motor_bridge/Middlewares/Third_Party/Agv/Factory/include" -I"C:/Users/liushaw/Desktop/STM32F407/Motor_bridge/Middlewares/Third_Party/Agv/Communication_pack/include" -I"C:/Users/liushaw/Desktop/STM32F407/Motor_bridge/Middlewares/Third_Party/Agv/Host_communication/include" -I"C:/Users/liushaw/Desktop/STM32F407/Motor_bridge/Middlewares/Third_Party/Agv/Motors/include" -I"C:/Users/liushaw/Desktop/STM32F407/Motor_bridge/Middlewares/Third_Party/Agv/Control/include" -I"C:/Users/liushaw/Desktop/STM32F407/Motor_bridge/Middlewares/Third_Party/Agv/Kinematics/include" -O0 -ffunction-sections -fdata-sections -Wall -fstack-usage -fcyclomatic-complexity -MMD -MP -MF"Middlewares/Third_Party/FreeRTOS/Source/CMSIS_RTOS_V2/cmsis_os2.d" -MT"Middlewares/Third_Party/FreeRTOS/Source/CMSIS_RTOS_V2/cmsis_os2.o" --specs=nano.specs -mfpu=fpv4-sp-d16 -mfloat-abi=hard -mthumb -o "Middlewares/Third_Party/FreeRTOS/Source/CMSIS_RTOS_V2/cmsis_os2.o"
arm-none-eabi-gcc "../Middlewares/Third_Party/FreeRTOS/Source/croutine.c" -mcpu=cortex-m4 -std=gnu11 -g3 -DDEBUG -DUSE_HAL_DRIVER -DSTM32F407xx -DSTM32_THREAD_SAFE_STRATEGY=5 -c -I../Core/Inc -I../Drivers/STM32F4xx_HAL_Driver/Inc -I../Drivers/STM32F4xx_HAL_Driver/Inc/Legacy -I../Middlewares/Third_Party/FreeRTOS/Source/include -I../Middlewares/Third_Party/FreeRTOS/Source/CMSIS_RTOS_V2 -I../Middlewares/Third_Party/FreeRTOS/Source/portable/GCC/ARM_CM4F -I../Drivers/CMSIS/Device/ST/STM32F4xx/Include -I../Drivers/CMSIS/Include -I../Core/ThreadSafe -I"C:/Users/liushaw/Desktop/STM32F407/Motor_bridge/Middlewares/Third_Party/Agv/Core/include" -I"C:/Users/liushaw/Desktop/STM32F407/Motor_bridge/Middlewares/Third_Party/Agv/Factory/include" -I"C:/Users/liushaw/Desktop/STM32F407/Motor_bridge/Middlewares/Third_Party/Agv/Communication_pack/include" -I"C:/Users/liushaw/Desktop/STM32F407/Motor_bridge/Middlewares/Third_Party/Agv/Host_communication/include" -I"C:/Users/liushaw/Desktop/STM32F407/Motor_bridge/Middlewares/Third_Party/Agv/Motors/include" -I"C:/Users/liushaw/Desktop/STM32F407/Motor_bridge/Middlewares/Third_Party/Agv/Control/include" -I"C:/Users/liushaw/Desktop/STM32F407/Motor_bridge/Middlewares/Third_Party/Agv/Kinematics/include" -O0 -ffunction-sections -fdata-sections -Wall -fstack-usage -fcyclomatic-complexity -MMD -MP -MF"Middlewares/Third_Party/FreeRTOS/Source/croutine.d" -MT"Middlewares/Third_Party/FreeRTOS/Source/croutine.o" --specs=nano.specs -mfpu=fpv4-sp-d16 -mfloat-abi=hard -mthumb -o "Middlewares/Third_Party/FreeRTOS/Source/croutine.o"
arm-none-eabi-gcc "../Middlewares/Third_Party/FreeRTOS/Source/event_groups.c" -mcpu=cortex-m4 -std=gnu11 -g3 -DDEBUG -DUSE_HAL_DRIVER -DSTM32F407xx -DSTM32_THREAD_SAFE_STRATEGY=5 -c -I../Core/Inc -I../Drivers/STM32F4xx_HAL_Driver/Inc -I../Drivers/STM32F4xx_HAL_Driver/Inc/Legacy -I../Middlewares/Third_Party/FreeRTOS/Source/include -I../Middlewares/Third_Party/FreeRTOS/Source/CMSIS_RTOS_V2 -I../Middlewares/Third_Party/FreeRTOS/Source/portable/GCC/ARM_CM4F -I../Drivers/CMSIS/Device/ST/STM32F4xx/Include -I../Drivers/CMSIS/Include -I../Core/ThreadSafe -I"C:/Users/liushaw/Desktop/STM32F407/Motor_bridge/Middlewares/Third_Party/Agv/Core/include" -I"C:/Users/liushaw/Desktop/STM32F407/Motor_bridge/Middlewares/Third_Party/Agv/Factory/include" -I"C:/Users/liushaw/Desktop/STM32F407/Motor_bridge/Middlewares/Third_Party/Agv/Communication_pack/include" -I"C:/Users/liushaw/Desktop/STM32F407/Motor_bridge/Middlewares/Third_Party/Agv/Host_communication/include" -I"C:/Users/liushaw/Desktop/STM32F407/Motor_bridge/Middlewares/Third_Party/Agv/Motors/include" -I"C:/Users/liushaw/Desktop/STM32F407/Motor_bridge/Middlewares/Third_Party/Agv/Control/include" -I"C:/Users/liushaw/Desktop/STM32F407/Motor_bridge/Middlewares/Third_Party/Agv/Kinematics/include" -O0 -ffunction-sections -fdata-sections -Wall -fstack-usage -fcyclomatic-complexity -MMD -MP -MF"Middlewares/Third_Party/FreeRTOS/Source/event_groups.d" -MT"Middlewares/Third_Party/FreeRTOS/Source/event_groups.o" --specs=nano.specs -mfpu=fpv4-sp-d16 -mfloat-abi=hard -mthumb -o "Middlewares/Third_Party/FreeRTOS/Source/event_groups.o"
arm-none-eabi-gcc "../Middlewares/Third_Party/FreeRTOS/Source/list.c" -mcpu=cortex-m4 -std=gnu11 -g3 -DDEBUG -DUSE_HAL_DRIVER -DSTM32F407xx -DSTM32_THREAD_SAFE_STRATEGY=5 -c -I../Core/Inc -I../Drivers/STM32F4xx_HAL_Driver/Inc -I../Drivers/STM32F4xx_HAL_Driver/Inc/Legacy -I../Middlewares/Third_Party/FreeRTOS/Source/include -I../Middlewares/Third_Party/FreeRTOS/Source/CMSIS_RTOS_V2 -I../Middlewares/Third_Party/FreeRTOS/Source/portable/GCC/ARM_CM4F -I../Drivers/CMSIS/Device/ST/STM32F4xx/Include -I../Drivers/CMSIS/Include -I../Core/ThreadSafe -I"C:/Users/liushaw/Desktop/STM32F407/Motor_bridge/Middlewares/Third_Party/Agv/Core/include" -I"C:/Users/liushaw/Desktop/STM32F407/Motor_bridge/Middlewares/Third_Party/Agv/Factory/include" -I"C:/Users/liushaw/Desktop/STM32F407/Motor_bridge/Middlewares/Third_Party/Agv/Communication_pack/include" -I"C:/Users/liushaw/Desktop/STM32F407/Motor_bridge/Middlewares/Third_Party/Agv/Host_communication/include" -I"C:/Users/liushaw/Desktop/STM32F407/Motor_bridge/Middlewares/Third_Party/Agv/Motors/include" -I"C:/Users/liushaw/Desktop/STM32F407/Motor_bridge/Middlewares/Third_Party/Agv/Control/include" -I"C:/Users/liushaw/Desktop/STM32F407/Motor_bridge/Middlewares/Third_Party/Agv/Kinematics/include" -O0 -ffunction-sections -fdata-sections -Wall -fstack-usage -fcyclomatic-complexity -MMD -MP -MF"Middlewares/Third_Party/FreeRTOS/Source/list.d" -MT"Middlewares/Third_Party/FreeRTOS/Source/list.o" --specs=nano.specs -mfpu=fpv4-sp-d16 -mfloat-abi=hard -mthumb -o "Middlewares/Third_Party/FreeRTOS/Source/list.o"
arm-none-eabi-gcc "../Middlewares/Third_Party/FreeRTOS/Source/queue.c" -mcpu=cortex-m4 -std=gnu11 -g3 -DDEBUG -DUSE_HAL_DRIVER -DSTM32F407xx -DSTM32_THREAD_SAFE_STRATEGY=5 -c -I../Core/Inc -I../Drivers/STM32F4xx_HAL_Driver/Inc -I../Drivers/STM32F4xx_HAL_Driver/Inc/Legacy -I../Middlewares/Third_Party/FreeRTOS/Source/include -I../Middlewares/Third_Party/FreeRTOS/Source/CMSIS_RTOS_V2 -I../Middlewares/Third_Party/FreeRTOS/Source/portable/GCC/ARM_CM4F -I../Drivers/CMSIS/Device/ST/STM32F4xx/Include -I../Drivers/CMSIS/Include -I../Core/ThreadSafe -I"C:/Users/liushaw/Desktop/STM32F407/Motor_bridge/Middlewares/Third_Party/Agv/Core/include" -I"C:/Users/liushaw/Desktop/STM32F407/Motor_bridge/Middlewares/Third_Party/Agv/Factory/include" -I"C:/Users/liushaw/Desktop/STM32F407/Motor_bridge/Middlewares/Third_Party/Agv/Communication_pack/include" -I"C:/Users/liushaw/Desktop/STM32F407/Motor_bridge/Middlewares/Third_Party/Agv/Host_communication/include" -I"C:/Users/liushaw/Desktop/STM32F407/Motor_bridge/Middlewares/Third_Party/Agv/Motors/include" -I"C:/Users/liushaw/Desktop/STM32F407/Motor_bridge/Middlewares/Third_Party/Agv/Control/include" -I"C:/Users/liushaw/Desktop/STM32F407/Motor_bridge/Middlewares/Third_Party/Agv/Kinematics/include" -O0 -ffunction-sections -fdata-sections -Wall -fstack-usage -fcyclomatic-complexity -MMD -MP -MF"Middlewares/Third_Party/FreeRTOS/Source/queue.d" -MT"Middlewares/Third_Party/FreeRTOS/Source/queue.o" --specs=nano.specs -mfpu=fpv4-sp-d16 -mfloat-abi=hard -mthumb -o "Middlewares/Third_Party/FreeRTOS/Source/queue.o"
arm-none-eabi-gcc "../Middlewares/Third_Party/FreeRTOS/Source/stream_buffer.c" -mcpu=cortex-m4 -std=gnu11 -g3 -DDEBUG -DUSE_HAL_DRIVER -DSTM32F407xx -DSTM32_THREAD_SAFE_STRATEGY=5 -c -I../Core/Inc -I../Drivers/STM32F4xx_HAL_Driver/Inc -I../Drivers/STM32F4xx_HAL_Driver/Inc/Legacy -I../Middlewares/Third_Party/FreeRTOS/Source/include -I../Middlewares/Third_Party/FreeRTOS/Source/CMSIS_RTOS_V2 -I../Middlewares/Third_Party/FreeRTOS/Source/portable/GCC/ARM_CM4F -I../Drivers/CMSIS/Device/ST/STM32F4xx/Include -I../Drivers/CMSIS/Include -I../Core/ThreadSafe -I"C:/Users/liushaw/Desktop/STM32F407/Motor_bridge/Middlewares/Third_Party/Agv/Core/include" -I"C:/Users/liushaw/Desktop/STM32F407/Motor_bridge/Middlewares/Third_Party/Agv/Factory/include" -I"C:/Users/liushaw/Desktop/STM32F407/Motor_bridge/Middlewares/Third_Party/Agv/Communication_pack/include" -I"C:/Users/liushaw/Desktop/STM32F407/Motor_bridge/Middlewares/Third_Party/Agv/Host_communication/include" -I"C:/Users/liushaw/Desktop/STM32F407/Motor_bridge/Middlewares/Third_Party/Agv/Motors/include" -I"C:/Users/liushaw/Desktop/STM32F407/Motor_bridge/Middlewares/Third_Party/Agv/Control/include" -I"C:/Users/liushaw/Desktop/STM32F407/Motor_bridge/Middlewares/Third_Party/Agv/Kinematics/include" -O0 -ffunction-sections -fdata-sections -Wall -fstack-usage -fcyclomatic-complexity -MMD -MP -MF"Middlewares/Third_Party/FreeRTOS/Source/stream_buffer.d" -MT"Middlewares/Third_Party/FreeRTOS/Source/stream_buffer.o" --specs=nano.specs -mfpu=fpv4-sp-d16 -mfloat-abi=hard -mthumb -o "Middlewares/Third_Party/FreeRTOS/Source/stream_buffer.o"
arm-none-eabi-gcc "../Middlewares/Third_Party/FreeRTOS/Source/tasks.c" -mcpu=cortex-m4 -std=gnu11 -g3 -DDEBUG -DUSE_HAL_DRIVER -DSTM32F407xx -DSTM32_THREAD_SAFE_STRATEGY=5 -c -I../Core/Inc -I../Drivers/STM32F4xx_HAL_Driver/Inc -I../Drivers/STM32F4xx_HAL_Driver/Inc/Legacy -I../Middlewares/Third_Party/FreeRTOS/Source/include -I../Middlewares/Third_Party/FreeRTOS/Source/CMSIS_RTOS_V2 -I../Middlewares/Third_Party/FreeRTOS/Source/portable/GCC/ARM_CM4F -I../Drivers/CMSIS/Device/ST/STM32F4xx/Include -I../Drivers/CMSIS/Include -I../Core/ThreadSafe -I"C:/Users/liushaw/Desktop/STM32F407/Motor_bridge/Middlewares/Third_Party/Agv/Core/include" -I"C:/Users/liushaw/Desktop/STM32F407/Motor_bridge/Middlewares/Third_Party/Agv/Factory/include" -I"C:/Users/liushaw/Desktop/STM32F407/Motor_bridge/Middlewares/Third_Party/Agv/Communication_pack/include" -I"C:/Users/liushaw/Desktop/STM32F407/Motor_bridge/Middlewares/Third_Party/Agv/Host_communication/include" -I"C:/Users/liushaw/Desktop/STM32F407/Motor_bridge/Middlewares/Third_Party/Agv/Motors/include" -I"C:/Users/liushaw/Desktop/STM32F407/Motor_bridge/Middlewares/Third_Party/Agv/Control/include" -I"C:/Users/liushaw/Desktop/STM32F407/Motor_bridge/Middlewares/Third_Party/Agv/Kinematics/include" -O0 -ffunction-sections -fdata-sections -Wall -fstack-usage -fcyclomatic-complexity -MMD -MP -MF"Middlewares/Third_Party/FreeRTOS/Source/tasks.d" -MT"Middlewares/Third_Party/FreeRTOS/Source/tasks.o" --specs=nano.specs -mfpu=fpv4-sp-d16 -mfloat-abi=hard -mthumb -o "Middlewares/Third_Party/FreeRTOS/Source/tasks.o"
arm-none-eabi-gcc "../Middlewares/Third_Party/FreeRTOS/Source/timers.c" -mcpu=cortex-m4 -std=gnu11 -g3 -DDEBUG -DUSE_HAL_DRIVER -DSTM32F407xx -DSTM32_THREAD_SAFE_STRATEGY=5 -c -I../Core/Inc -I../Drivers/STM32F4xx_HAL_Driver/Inc -I../Drivers/STM32F4xx_HAL_Driver/Inc/Legacy -I../Middlewares/Third_Party/FreeRTOS/Source/include -I../Middlewares/Third_Party/FreeRTOS/Source/CMSIS_RTOS_V2 -I../Middlewares/Third_Party/FreeRTOS/Source/portable/GCC/ARM_CM4F -I../Drivers/CMSIS/Device/ST/STM32F4xx/Include -I../Drivers/CMSIS/Include -I../Core/ThreadSafe -I"C:/Users/liushaw/Desktop/STM32F407/Motor_bridge/Middlewares/Third_Party/Agv/Core/include" -I"C:/Users/liushaw/Desktop/STM32F407/Motor_bridge/Middlewares/Third_Party/Agv/Factory/include" -I"C:/Users/liushaw/Desktop/STM32F407/Motor_bridge/Middlewares/Third_Party/Agv/Communication_pack/include" -I"C:/Users/liushaw/Desktop/STM32F407/Motor_bridge/Middlewares/Third_Party/Agv/Host_communication/include" -I"C:/Users/liushaw/Desktop/STM32F407/Motor_bridge/Middlewares/Third_Party/Agv/Motors/include" -I"C:/Users/liushaw/Desktop/STM32F407/Motor_bridge/Middlewares/Third_Party/Agv/Control/include" -I"C:/Users/liushaw/Desktop/STM32F407/Motor_bridge/Middlewares/Third_Party/Agv/Kinematics/include" -O0 -ffunction-sections -fdata-sections -Wall -fstack-usage -fcyclomatic-complexity -MMD -MP -MF"Middlewares/Third_Party/FreeRTOS/Source/timers.d" -MT"Middlewares/Third_Party/FreeRTOS/Source/timers.o" --specs=nano.specs -mfpu=fpv4-sp-d16 -mfloat-abi=hard -mthumb -o "Middlewares/Third_Party/FreeRTOS/Source/timers.o"
arm-none-eabi-gcc "../Middlewares/Third_Party/Agv/Motors/src/blvr.c" -mcpu=cortex-m4 -std=gnu11 -g3 -DDEBUG -DUSE_HAL_DRIVER -DSTM32F407xx -DSTM32_THREAD_SAFE_STRATEGY=5 -c -I../Core/Inc -I../Drivers/STM32F4xx_HAL_Driver/Inc -I../Drivers/STM32F4xx_HAL_Driver/Inc/Legacy -I../Middlewares/Third_Party/FreeRTOS/Source/include -I../Middlewares/Third_Party/FreeRTOS/Source/CMSIS_RTOS_V2 -I../Middlewares/Third_Party/FreeRTOS/Source/portable/GCC/ARM_CM4F -I../Drivers/CMSIS/Device/ST/STM32F4xx/Include -I../Drivers/CMSIS/Include -I../Core/ThreadSafe -I"C:/Users/liushaw/Desktop/STM32F407/Motor_bridge/Middlewares/Third_Party/Agv/Core/include" -I"C:/Users/liushaw/Desktop/STM32F407/Motor_bridge/Middlewares/Third_Party/Agv/Factory/include" -I"C:/Users/liushaw/Desktop/STM32F407/Motor_bridge/Middlewares/Third_Party/Agv/Communication_pack/include" -I"C:/Users/liushaw/Desktop/STM32F407/Motor_bridge/Middlewares/Third_Party/Agv/Host_communication/include" -I"C:/Users/liushaw/Desktop/STM32F407/Motor_bridge/Middlewares/Third_Party/Agv/Motors/include" -I"C:/Users/liushaw/Desktop/STM32F407/Motor_bridge/Middlewares/Third_Party/Agv/Control/include" -I"C:/Users/liushaw/Desktop/STM32F407/Motor_bridge/Middlewares/Third_Party/Agv/Kinematics/include" -O0 -ffunction-sections -fdata-sections -Wall -fstack-usage -fcyclomatic-complexity -MMD -MP -MF"Middlewares/Third_Party/Agv/Motors/src/blvr.d" -MT"Middlewares/Third_Party/Agv/Motors/src/blvr.o" --specs=nano.specs -mfpu=fpv4-sp-d16 -mfloat-abi=hard -mthumb -o "Middlewares/Third_Party/Agv/Motors/src/blvr.o"
arm-none-eabi-gcc "../Middlewares/Third_Party/Agv/Host_communication/src/ros_host.c" -mcpu=cortex-m4 -std=gnu11 -g3 -DDEBUG -DUSE_HAL_DRIVER -DSTM32F407xx -DSTM32_THREAD_SAFE_STRATEGY=5 -c -I../Core/Inc -I../Drivers/STM32F4xx_HAL_Driver/Inc -I../Drivers/STM32F4xx_HAL_Driver/Inc/Legacy -I../Middlewares/Third_Party/FreeRTOS/Source/include -I../Middlewares/Third_Party/FreeRTOS/Source/CMSIS_RTOS_V2 -I../Middlewares/Third_Party/FreeRTOS/Source/portable/GCC/ARM_CM4F -I../Drivers/CMSIS/Device/ST/STM32F4xx/Include -I../Drivers/CMSIS/Include -I../Core/ThreadSafe -I"C:/Users/liushaw/Desktop/STM32F407/Motor_bridge/Middlewares/Third_Party/Agv/Core/include" -I"C:/Users/liushaw/Desktop/STM32F407/Motor_bridge/Middlewares/Third_Party/Agv/Factory/include" -I"C:/Users/liushaw/Desktop/STM32F407/Motor_bridge/Middlewares/Third_Party/Agv/Communication_pack/include" -I"C:/Users/liushaw/Desktop/STM32F407/Motor_bridge/Middlewares/Third_Party/Agv/Host_communication/include" -I"C:/Users/liushaw/Desktop/STM32F407/Motor_bridge/Middlewares/Third_Party/Agv/Motors/include" -I"C:/Users/liushaw/Desktop/STM32F407/Motor_bridge/Middlewares/Third_Party/Agv/Control/include" -I"C:/Users/liushaw/Desktop/STM32F407/Motor_bridge/Middlewares/Third_Party/Agv/Kinematics/include" -O0 -ffunction-sections -fdata-sections -Wall -fstack-usage -fcyclomatic-complexity -MMD -MP -MF"Middlewares/Third_Party/Agv/Host_communication/src/ros_host.d" -MT"Middlewares/Third_Party/Agv/Host_communication/src/ros_host.o" --specs=nano.specs -mfpu=fpv4-sp-d16 -mfloat-abi=hard -mthumb -o "Middlewares/Third_Party/Agv/Host_communication/src/ros_host.o"
arm-none-eabi-gcc "../Middlewares/Third_Party/Agv/Factory/src/agv_factory.c" -mcpu=cortex-m4 -std=gnu11 -g3 -DDEBUG -DUSE_HAL_DRIVER -DSTM32F407xx -DSTM32_THREAD_SAFE_STRATEGY=5 -c -I../Core/Inc -I../Drivers/STM32F4xx_HAL_Driver/Inc -I../Drivers/STM32F4xx_HAL_Driver/Inc/Legacy -I../Middlewares/Third_Party/FreeRTOS/Source/include -I../Middlewares/Third_Party/FreeRTOS/Source/CMSIS_RTOS_V2 -I../Middlewares/Third_Party/FreeRTOS/Source/portable/GCC/ARM_CM4F -I../Drivers/CMSIS/Device/ST/STM32F4xx/Include -I../Drivers/CMSIS/Include -I../Core/ThreadSafe -I"C:/Users/liushaw/Desktop/STM32F407/Motor_bridge/Middlewares/Third_Party/Agv/Core/include" -I"C:/Users/liushaw/Desktop/STM32F407/Motor_bridge/Middlewares/Third_Party/Agv/Factory/include" -I"C:/Users/liushaw/Desktop/STM32F407/Motor_bridge/Middlewares/Third_Party/Agv/Communication_pack/include" -I"C:/Users/liushaw/Desktop/STM32F407/Motor_bridge/Middlewares/Third_Party/Agv/Host_communication/include" -I"C:/Users/liushaw/Desktop/STM32F407/Motor_bridge/Middlewares/Third_Party/Agv/Motors/include" -I"C:/Users/liushaw/Desktop/STM32F407/Motor_bridge/Middlewares/Third_Party/Agv/Control/include" -I"C:/Users/liushaw/Desktop/STM32F407/Motor_bridge/Middlewares/Third_Party/Agv/Kinematics/include" -O0 -ffunction-sections -fdata-sections -Wall -fstack-usage -fcyclomatic-complexity -MMD -MP -MF"Middlewares/Third_Party/Agv/Factory/src/agv_factory.d" -MT"Middlewares/Third_Party/Agv/Factory/src/agv_factory.o" --specs=nano.specs -mfpu=fpv4-sp-d16 -mfloat-abi=hard -mthumb -o "Middlewares/Third_Party/Agv/Factory/src/agv_factory.o"
arm-none-eabi-gcc "../Middlewares/Third_Party/Agv/Core/src/core.c" -mcpu=cortex-m4 -std=gnu11 -g3 -DDEBUG -DUSE_HAL_DRIVER -DSTM32F407xx -DSTM32_THREAD_SAFE_STRATEGY=5 -c -I../Core/Inc -I../Drivers/STM32F4xx_HAL_Driver/Inc -I../Drivers/STM32F4xx_HAL_Driver/Inc/Legacy -I../Middlewares/Third_Party/FreeRTOS/Source/include -I../Middlewares/Third_Party/FreeRTOS/Source/CMSIS_RTOS_V2 -I../Middlewares/Third_Party/FreeRTOS/Source/portable/GCC/ARM_CM4F -I../Drivers/CMSIS/Device/ST/STM32F4xx/Include -I../Drivers/CMSIS/Include -I../Core/ThreadSafe -I"C:/Users/liushaw/Desktop/STM32F407/Motor_bridge/Middlewares/Third_Party/Agv/Core/include" -I"C:/Users/liushaw/Desktop/STM32F407/Motor_bridge/Middlewares/Third_Party/Agv/Factory/include" -I"C:/Users/liushaw/Desktop/STM32F407/Motor_bridge/Middlewares/Third_Party/Agv/Communication_pack/include" -I"C:/Users/liushaw/Desktop/STM32F407/Motor_bridge/Middlewares/Third_Party/Agv/Host_communication/include" -I"C:/Users/liushaw/Desktop/STM32F407/Motor_bridge/Middlewares/Third_Party/Agv/Motors/include" -I"C:/Users/liushaw/Desktop/STM32F407/Motor_bridge/Middlewares/Third_Party/Agv/Control/include" -I"C:/Users/liushaw/Desktop/STM32F407/Motor_bridge/Middlewares/Third_Party/Agv/Kinematics/include" -O0 -ffunction-sections -fdata-sections -Wall -fstack-usage -fcyclomatic-complexity -MMD -MP -MF"Middlewares/Third_Party/Agv/Core/src/core.d" -MT"Middlewares/Third_Party/Agv/Core/src/core.o" --specs=nano.specs -mfpu=fpv4-sp-d16 -mfloat-abi=hard -mthumb -o "Middlewares/Third_Party/Agv/Core/src/core.o"
arm-none-eabi-gcc "../Middlewares/Third_Party/Agv/Control/src/passthrough.c" -mcpu=cortex-m4 -std=gnu11 -g3 -DDEBUG -DUSE_HAL_DRIVER -DSTM32F407xx -DSTM32_THREAD_SAFE_STRATEGY=5 -c -I../Core/Inc -I../Drivers/STM32F4xx_HAL_Driver/Inc -I../Drivers/STM32F4xx_HAL_Driver/Inc/Legacy -I../Middlewares/Third_Party/FreeRTOS/Source/include -I../Middlewares/Third_Party/FreeRTOS/Source/CMSIS_RTOS_V2 -I../Middlewares/Third_Party/FreeRTOS/Source/portable/GCC/ARM_CM4F -I../Drivers/CMSIS/Device/ST/STM32F4xx/Include -I../Drivers/CMSIS/Include -I../Core/ThreadSafe -I"C:/Users/liushaw/Desktop/STM32F407/Motor_bridge/Middlewares/Third_Party/Agv/Core/include" -I"C:/Users/liushaw/Desktop/STM32F407/Motor_bridge/Middlewares/Third_Party/Agv/Factory/include" -I"C:/Users/liushaw/Desktop/STM32F407/Motor_bridge/Middlewares/Third_Party/Agv/Communication_pack/include" -I"C:/Users/liushaw/Desktop/STM32F407/Motor_bridge/Middlewares/Third_Party/Agv/Host_communication/include" -I"C:/Users/liushaw/Desktop/STM32F407/Motor_bridge/Middlewares/Third_Party/Agv/Motors/include" -I"C:/Users/liushaw/Desktop/STM32F407/Motor_bridge/Middlewares/Third_Party/Agv/Control/include" -I"C:/Users/liushaw/Desktop/STM32F407/Motor_bridge/Middlewares/Third_Party/Agv/Kinematics/include" -O0 -ffunction-sections -fdata-sections -Wall -fstack-usage -fcyclomatic-complexity -MMD -MP -MF"Middlewares/Third_Party/Agv/Control/src/passthrough.d" -MT"Middlewares/Third_Party/Agv/Control/src/passthrough.o" --specs=nano.specs -mfpu=fpv4-sp-d16 -mfloat-abi=hard -mthumb -o "Middlewares/Third_Party/Agv/Control/src/passthrough.o"
arm-none-eabi-gcc "../Middlewares/Third_Party/Agv/Control/src/pid.c" -mcpu=cortex-m4 -std=gnu11 -g3 -DDEBUG -DUSE_HAL_DRIVER -DSTM32F407xx -DSTM32_THREAD_SAFE_STRATEGY=5 -c -I../Core/Inc -I../Drivers/STM32F4xx_HAL_Driver/Inc -I../Drivers/STM32F4xx_HAL_Driver/Inc/Legacy -I../Middlewares/Third_Party/FreeRTOS/Source/include -I../Middlewares/Third_Party/FreeRTOS/Source/CMSIS_RTOS_V2 -I../Middlewares/Third_Party/FreeRTOS/Source/portable/GCC/ARM_CM4F -I../Drivers/CMSIS/Device/ST/STM32F4xx/Include -I../Drivers/CMSIS/Include -I../Core/ThreadSafe -I"C:/Users/liushaw/Desktop/STM32F407/Motor_bridge/Middlewares/Third_Party/Agv/Core/include" -I"C:/Users/liushaw/Desktop/STM32F407/Motor_bridge/Middlewares/Third_Party/Agv/Factory/include" -I"C:/Users/liushaw/Desktop/STM32F407/Motor_bridge/Middlewares/Third_Party/Agv/Communication_pack/include" -I"C:/Users/liushaw/Desktop/STM32F407/Motor_bridge/Middlewares/Third_Party/Agv/Host_communication/include" -I"C:/Users/liushaw/Desktop/STM32F407/Motor_bridge/Middlewares/Third_Party/Agv/Motors/include" -I"C:/Users/liushaw/Desktop/STM32F407/Motor_bridge/Middlewares/Third_Party/Agv/Control/include" -I"C:/Users/liushaw/Desktop/STM32F407/Motor_bridge/Middlewares/Third_Party/Agv/Kinematics/include" -O0 -ffunction-sections -fdata-sections -Wall -fstack-usage -fcyclomatic-complexity -MMD -MP -MF"Middlewares/Third_Party/Agv/Control/src/pid.d" -MT"Middlewares/Third_Party/Agv/Control/src/pid.o" --specs=nano.specs -mfpu=fpv4-sp-d16 -mfloat-abi=hard -mthumb -o "Middlewares/Third_Party/Agv/Control/src/pid.o"
arm-none-eabi-gcc "../Middlewares/Third_Party/Agv/Communication_pack/src/link/uart_rs485.c" -mcpu=cortex-m4 -std=gnu11 -g3 -DDEBUG -DUSE_HAL_DRIVER -DSTM32F407xx -DSTM32_THREAD_SAFE_STRATEGY=5 -c -I../Core/Inc -I../Drivers/STM32F4xx_HAL_Driver/Inc -I../Drivers/STM32F4xx_HAL_Driver/Inc/Legacy -I../Middlewares/Third_Party/FreeRTOS/Source/include -I../Middlewares/Third_Party/FreeRTOS/Source/CMSIS_RTOS_V2 -I../Middlewares/Third_Party/FreeRTOS/Source/portable/GCC/ARM_CM4F -I../Drivers/CMSIS/Device/ST/STM32F4xx/Include -I../Drivers/CMSIS/Include -I../Core/ThreadSafe -I"C:/Users/liushaw/Desktop/STM32F407/Motor_bridge/Middlewares/Third_Party/Agv/Core/include" -I"C:/Users/liushaw/Desktop/STM32F407/Motor_bridge/Middlewares/Third_Party/Agv/Factory/include" -I"C:/Users/liushaw/Desktop/STM32F407/Motor_bridge/Middlewares/Third_Party/Agv/Communication_pack/include" -I"C:/Users/liushaw/Desktop/STM32F407/Motor_bridge/Middlewares/Third_Party/Agv/Host_communication/include" -I"C:/Users/liushaw/Desktop/STM32F407/Motor_bridge/Middlewares/Third_Party/Agv/Motors/include" -I"C:/Users/liushaw/Desktop/STM32F407/Motor_bridge/Middlewares/Third_Party/Agv/Control/include" -I"C:/Users/liushaw/Desktop/STM32F407/Motor_bridge/Middlewares/Third_Party/Agv/Kinematics/include" -O0 -ffunction-sections -fdata-sections -Wall -fstack-usage -fcyclomatic-complexity -MMD -MP -MF"Middlewares/Third_Party/Agv/Communication_pack/src/link/uart_rs485.d" -MT"Middlewares/Third_Party/Agv/Communication_pack/src/link/uart_rs485.o" --specs=nano.specs -mfpu=fpv4-sp-d16 -mfloat-abi=hard -mthumb -o "Middlewares/Third_Party/Agv/Communication_pack/src/link/uart_rs485.o"
arm-none-eabi-gcc "../Middlewares/Third_Party/Agv/Communication_pack/src/link/uart_ttl.c" -mcpu=cortex-m4 -std=gnu11 -g3 -DDEBUG -DUSE_HAL_DRIVER -DSTM32F407xx -DSTM32_THREAD_SAFE_STRATEGY=5 -c -I../Core/Inc -I../Drivers/STM32F4xx_HAL_Driver/Inc -I../Drivers/STM32F4xx_HAL_Driver/Inc/Legacy -I../Middlewares/Third_Party/FreeRTOS/Source/include -I../Middlewares/Third_Party/FreeRTOS/Source/CMSIS_RTOS_V2 -I../Middlewares/Third_Party/FreeRTOS/Source/portable/GCC/ARM_CM4F -I../Drivers/CMSIS/Device/ST/STM32F4xx/Include -I../Drivers/CMSIS/Include -I../Core/ThreadSafe -I"C:/Users/liushaw/Desktop/STM32F407/Motor_bridge/Middlewares/Third_Party/Agv/Core/include" -I"C:/Users/liushaw/Desktop/STM32F407/Motor_bridge/Middlewares/Third_Party/Agv/Factory/include" -I"C:/Users/liushaw/Desktop/STM32F407/Motor_bridge/Middlewares/Third_Party/Agv/Communication_pack/include" -I"C:/Users/liushaw/Desktop/STM32F407/Motor_bridge/Middlewares/Third_Party/Agv/Host_communication/include" -I"C:/Users/liushaw/Desktop/STM32F407/Motor_bridge/Middlewares/Third_Party/Agv/Motors/include" -I"C:/Users/liushaw/Desktop/STM32F407/Motor_bridge/Middlewares/Third_Party/Agv/Control/include" -I"C:/Users/liushaw/Desktop/STM32F407/Motor_bridge/Middlewares/Third_Party/Agv/Kinematics/include" -O0 -ffunction-sections -fdata-sections -Wall -fstack-usage -fcyclomatic-complexity -MMD -MP -MF"Middlewares/Third_Party/Agv/Communication_pack/src/link/uart_ttl.d" -MT"Middlewares/Third_Party/Agv/Communication_pack/src/link/uart_ttl.o" --specs=nano.specs -mfpu=fpv4-sp-d16 -mfloat-abi=hard -mthumb -o "Middlewares/Third_Party/Agv/Communication_pack/src/link/uart_ttl.o"
arm-none-eabi-gcc "../Core/ThreadSafe/newlib_lock_glue.c" -mcpu=cortex-m4 -std=gnu11 -g3 -DDEBUG -DUSE_HAL_DRIVER -DSTM32F407xx -DSTM32_THREAD_SAFE_STRATEGY=5 -c -I../Core/Inc -I../Drivers/STM32F4xx_HAL_Driver/Inc -I../Drivers/STM32F4xx_HAL_Driver/Inc/Legacy -I../Middlewares/Third_Party/FreeRTOS/Source/include -I../Middlewares/Third_Party/FreeRTOS/Source/CMSIS_RTOS_V2 -I../Middlewares/Third_Party/FreeRTOS/Source/portable/GCC/ARM_CM4F -I../Drivers/CMSIS/Device/ST/STM32F4xx/Include -I../Drivers/CMSIS/Include -I../Core/ThreadSafe -I"C:/Users/liushaw/Desktop/STM32F407/Motor_bridge/Middlewares/Third_Party/Agv/Core/include" -I"C:/Users/liushaw/Desktop/STM32F407/Motor_bridge/Middlewares/Third_Party/Agv/Factory/include" -I"C:/Users/liushaw/Desktop/STM32F407/Motor_bridge/Middlewares/Third_Party/Agv/Communication_pack/include" -I"C:/Users/liushaw/Desktop/STM32F407/Motor_bridge/Middlewares/Third_Party/Agv/Host_communication/include" -I"C:/Users/liushaw/Desktop/STM32F407/Motor_bridge/Middlewares/Third_Party/Agv/Motors/include" -I"C:/Users/liushaw/Desktop/STM32F407/Motor_bridge/Middlewares/Third_Party/Agv/Control/include" -I"C:/Users/liushaw/Desktop/STM32F407/Motor_bridge/Middlewares/Third_Party/Agv/Kinematics/include" -O0 -ffunction-sections -fdata-sections -Wall -fstack-usage -fcyclomatic-complexity -MMD -MP -MF"Core/ThreadSafe/newlib_lock_glue.d" -MT"Core/ThreadSafe/newlib_lock_glue.o" --specs=nano.specs -mfpu=fpv4-sp-d16 -mfloat-abi=hard -mthumb -o "Core/ThreadSafe/newlib_lock_glue.o"
arm-none-eabi-gcc "../Core/Src/agv_app.c" -mcpu=cortex-m4 -std=gnu11 -g3 -DDEBUG -DUSE_HAL_DRIVER -DSTM32F407xx -DSTM32_THREAD_SAFE_STRATEGY=5 -c -I../Core/Inc -I../Drivers/STM32F4xx_HAL_Driver/Inc -I../Drivers/STM32F4xx_HAL_Driver/Inc/Legacy -I../Middlewares/Third_Party/FreeRTOS/Source/include -I../Middlewares/Third_Party/FreeRTOS/Source/CMSIS_RTOS_V2 -I../Middlewares/Third_Party/FreeRTOS/Source/portable/GCC/ARM_CM4F -I../Drivers/CMSIS/Device/ST/STM32F4xx/Include -I../Drivers/CMSIS/Include -I../Core/ThreadSafe -I"C:/Users/liushaw/Desktop/STM32F407/Motor_bridge/Middlewares/Third_Party/Agv/Core/include" -I"C:/Users/liushaw/Desktop/STM32F407/Motor_bridge/Middlewares/Third_Party/Agv/Factory/include" -I"C:/Users/liushaw/Desktop/STM32F407/Motor_bridge/Middlewares/Third_Party/Agv/Communication_pack/include" -I"C:/Users/liushaw/Desktop/STM32F407/Motor_bridge/Middlewares/Third_Party/Agv/Host_communication/include" -I"C:/Users/liushaw/Desktop/STM32F407/Motor_bridge/Middlewares/Third_Party/Agv/Motors/include" -I"C:/Users/liushaw/Desktop/STM32F407/Motor_bridge/Middlewares/Third_Party/Agv/Control/include" -I"C:/Users/liushaw/Desktop/STM32F407/Motor_bridge/Middlewares/Third_Party/Agv/Kinematics/include" -O0 -ffunction-sections -fdata-sections -Wall -fstack-usage -fcyclomatic-complexity -MMD -MP -MF"Core/Src/agv_app.d" -MT"Core/Src/agv_app.o" --specs=nano.specs -mfpu=fpv4-sp-d16 -mfloat-abi=hard -mthumb -o "Core/Src/agv_app.o"
arm-none-eabi-gcc "../Core/Src/freertos.c" -mcpu=cortex-m4 -std=gnu11 -g3 -DDEBUG -DUSE_HAL_DRIVER -DSTM32F407xx -DSTM32_THREAD_SAFE_STRATEGY=5 -c -I../Core/Inc -I../Drivers/STM32F4xx_HAL_Driver/Inc -I../Drivers/STM32F4xx_HAL_Driver/Inc/Legacy -I../Middlewares/Third_Party/FreeRTOS/Source/include -I../Middlewares/Third_Party/FreeRTOS/Source/CMSIS_RTOS_V2 -I../Middlewares/Third_Party/FreeRTOS/Source/portable/GCC/ARM_CM4F -I../Drivers/CMSIS/Device/ST/STM32F4xx/Include -I../Drivers/CMSIS/Include -I../Core/ThreadSafe -I"C:/Users/liushaw/Desktop/STM32F407/Motor_bridge/Middlewares/Third_Party/Agv/Core/include" -I"C:/Users/liushaw/Desktop/STM32F407/Motor_bridge/Middlewares/Third_Party/Agv/Factory/include" -I"C:/Users/liushaw/Desktop/STM32F407/Motor_bridge/Middlewares/Third_Party/Agv/Communication_pack/include" -I"C:/Users/liushaw/Desktop/STM32F407/Motor_bridge/Middlewares/Third_Party/Agv/Host_communication/include" -I"C:/Users/liushaw/Desktop/STM32F407/Motor_bridge/Middlewares/Third_Party/Agv/Motors/include" -I"C:/Users/liushaw/Desktop/STM32F407/Motor_bridge/Middlewares/Third_Party/Agv/Control/include" -I"C:/Users/liushaw/Desktop/STM32F407/Motor_bridge/Middlewares/Third_Party/Agv/Kinematics/include" -O0 -ffunction-sections -fdata-sections -Wall -fstack-usage -fcyclomatic-complexity -MMD -MP -MF"Core/Src/freertos.d" -MT"Core/Src/freertos.o" --specs=nano.specs -mfpu=fpv4-sp-d16 -mfloat-abi=hard -mthumb -o "Core/Src/freertos.o"
../Middlewares/Third_Party/Agv/Control/src/pid.c: In function 'Ctrl_pid_create':
../Middlewares/Third_Party/Agv/Control/src/pid.c:63:5: warning: implicit declaration of function 'memset' [-Wimplicit-function-declaration]
   63 |     memset(&impl->vel_des, 0, sizeof(Twist2D));
      |     ^~~~~~
../Middlewares/Third_Party/Agv/Control/src/pid.c:11:1: note: include '<string.h>' or provide a declaration of 'memset'
   10 | #include "semphr.h"
  +++ |+#include <string.h>
   11 | 
../Middlewares/Third_Party/Agv/Control/src/pid.c:63:5: warning: incompatible implicit declaration of built-in function 'memset' [-Wbuiltin-declaration-mismatch]
   63 |     memset(&impl->vel_des, 0, sizeof(Twist2D));
      |     ^~~~~~
../Middlewares/Third_Party/Agv/Control/src/pid.c:63:5: note: include '<string.h>' or provide a declaration of 'memset'
../Middlewares/Third_Party/Agv/Control/src/pid.c: In function 'pid_set_des_vel':
../Middlewares/Third_Party/Agv/Control/src/pid.c:109:5: warning: implicit declaration of function 'memcpy' [-Wimplicit-function-declaration]
  109 |     memcpy(&impl->vel_des, cmd_in, sizeof(impl->vel_des));
      |     ^~~~~~
../Middlewares/Third_Party/Agv/Control/src/pid.c:109:5: note: include '<string.h>' or provide a declaration of 'memcpy'
../Middlewares/Third_Party/Agv/Control/src/pid.c:109:5: warning: incompatible implicit declaration of built-in function 'memcpy' [-Wbuiltin-declaration-mismatch]
../Middlewares/Third_Party/Agv/Control/src/pid.c:109:5: note: include '<string.h>' or provide a declaration of 'memcpy'
../Middlewares/Third_Party/Agv/Control/src/pid.c: In function 'pid_set_curr_vel':
../Middlewares/Third_Party/Agv/Control/src/pid.c:121:5: warning: incompatible implicit declaration of built-in function 'memcpy' [-Wbuiltin-declaration-mismatch]
  121 |     memcpy(&impl->vel_curr, curr_vel, sizeof(impl->vel_curr));
      |     ^~~~~~
../Middlewares/Third_Party/Agv/Control/src/pid.c:121:5: note: include '<string.h>' or provide a declaration of 'memcpy'
arm-none-eabi-gcc "../Core/Src/main.c" -mcpu=cortex-m4 -std=gnu11 -g3 -DDEBUG -DUSE_HAL_DRIVER -DSTM32F407xx -DSTM32_THREAD_SAFE_STRATEGY=5 -c -I../Core/Inc -I../Drivers/STM32F4xx_HAL_Driver/Inc -I../Drivers/STM32F4xx_HAL_Driver/Inc/Legacy -I../Middlewares/Third_Party/FreeRTOS/Source/include -I../Middlewares/Third_Party/FreeRTOS/Source/CMSIS_RTOS_V2 -I../Middlewares/Third_Party/FreeRTOS/Source/portable/GCC/ARM_CM4F -I../Drivers/CMSIS/Device/ST/STM32F4xx/Include -I../Drivers/CMSIS/Include -I../Core/ThreadSafe -I"C:/Users/liushaw/Desktop/STM32F407/Motor_bridge/Middlewares/Third_Party/Agv/Core/include" -I"C:/Users/liushaw/Desktop/STM32F407/Motor_bridge/Middlewares/Third_Party/Agv/Factory/include" -I"C:/Users/liushaw/Desktop/STM32F407/Motor_bridge/Middlewares/Third_Party/Agv/Communication_pack/include" -I"C:/Users/liushaw/Desktop/STM32F407/Motor_bridge/Middlewares/Third_Party/Agv/Host_communication/include" -I"C:/Users/liushaw/Desktop/STM32F407/Motor_bridge/Middlewares/Third_Party/Agv/Motors/include" -I"C:/Users/liushaw/Desktop/STM32F407/Motor_bridge/Middlewares/Third_Party/Agv/Control/include" -I"C:/Users/liushaw/Desktop/STM32F407/Motor_bridge/Middlewares/Third_Party/Agv/Kinematics/include" -O0 -ffunction-sections -fdata-sections -Wall -fstack-usage -fcyclomatic-complexity -MMD -MP -MF"Core/Src/main.d" -MT"Core/Src/main.o" --specs=nano.specs -mfpu=fpv4-sp-d16 -mfloat-abi=hard -mthumb -o "Core/Src/main.o"
../Middlewares/Third_Party/Agv/Control/src/passthrough.c: In function 'passthrough_set_des_vel':
../Middlewares/Third_Party/Agv/Control/src/passthrough.c:103:5: warning: implicit declaration of function 'memcpy' [-Wimplicit-function-declaration]
  103 |     memcpy(&impl->vel_des, cmd_in, sizeof(impl->vel_des));
      |     ^~~~~~
../Middlewares/Third_Party/Agv/Control/src/passthrough.c:10:1: note: include '<string.h>' or provide a declaration of 'memcpy'
    9 | #include "semphr.h"
  +++ |+#include <string.h>
   10 | 
../Middlewares/Third_Party/Agv/Control/src/passthrough.c:103:5: warning: incompatible implicit declaration of built-in function 'memcpy' [-Wbuiltin-declaration-mismatch]
  103 |     memcpy(&impl->vel_des, cmd_in, sizeof(impl->vel_des));
      |     ^~~~~~
../Middlewares/Third_Party/Agv/Control/src/passthrough.c:103:5: note: include '<string.h>' or provide a declaration of 'memcpy'
../Middlewares/Third_Party/Agv/Control/src/passthrough.c: In function 'passthrough_set_curr_vel':
../Middlewares/Third_Party/Agv/Control/src/passthrough.c:116:5: warning: incompatible implicit declaration of built-in function 'memcpy' [-Wbuiltin-declaration-mismatch]
  116 |     memcpy(&impl->vel_curr, curr_vel, sizeof(impl->vel_curr));
      |     ^~~~~~
../Middlewares/Third_Party/Agv/Control/src/passthrough.c:116:5: note: include '<string.h>' or provide a declaration of 'memcpy'
../Middlewares/Third_Party/Agv/Control/src/passthrough.c: In function 'passthrough_get_ctrl_cmd':
../Middlewares/Third_Party/Agv/Control/src/passthrough.c:129:5: warning: incompatible implicit declaration of built-in function 'memcpy' [-Wbuiltin-declaration-mismatch]
  129 |     memcpy(&cmd_curr, &impl->vel_des, sizeof(impl->vel_des));
      |     ^~~~~~
../Middlewares/Third_Party/Agv/Control/src/passthrough.c:129:5: note: include '<string.h>' or provide a declaration of 'memcpy'
../Middlewares/Third_Party/Agv/Host_communication/src/ros_host.c: In function 'ros_get_des_vel_from_buf':
../Middlewares/Third_Party/Agv/Host_communication/src/ros_host.c:138:16: warning: variable 'timestamp' set but not used [-Wunused-but-set-variable]
  138 |     TickType_t timestamp;
      |                ^~~~~~~~~
../Middlewares/Third_Party/Agv/Core/src/core.c: In function 'AgvCore_step_body_control':
../Middlewares/Third_Party/Agv/Core/src/core.c:63:1: warning: control reaches end of non-void function [-Wreturn-type]
   63 | }
      | ^
../Middlewares/Third_Party/Agv/Motors/src/blvr.c: In function 'rad_s_to_regVelUnit':
../Middlewares/Third_Party/Agv/Motors/src/blvr.c:498:21: warning: implicit declaration of function 'lroundf' [-Wimplicit-function-declaration]
  498 |     return (int32_t)lroundf(rpm_f / unit_rpm);
      |                     ^~~~~~~
../Middlewares/Third_Party/Agv/Motors/src/blvr.c:15:1: note: include '<math.h>' or provide a declaration of 'lroundf'
   14 | #include "semphr.h"
  +++ |+#include <math.h>
   15 | 
../Middlewares/Third_Party/Agv/Motors/src/blvr.c:498:21: warning: incompatible implicit declaration of built-in function 'lroundf' [-Wbuiltin-declaration-mismatch]
  498 |     return (int32_t)lroundf(rpm_f / unit_rpm);
      |                     ^~~~~~~
../Middlewares/Third_Party/Agv/Motors/src/blvr.c:498:21: note: include '<math.h>' or provide a declaration of 'lroundf'
../Middlewares/Third_Party/Agv/Motors/src/blvr.c: In function 'rad_to_regAngUnit':
../Middlewares/Third_Party/Agv/Motors/src/blvr.c:508:21: warning: incompatible implicit declaration of built-in function 'lroundf' [-Wbuiltin-declaration-mismatch]
  508 |     return (int32_t)lroundf(degree / unit_degree);
      |                     ^~~~~~~
../Middlewares/Third_Party/Agv/Motors/src/blvr.c:508:21: note: include '<math.h>' or provide a declaration of 'lroundf'
../Middlewares/Third_Party/Agv/Communication_pack/src/link/uart_rs485.c: In function 'LnkRs485_pop_rx_queue':
../Middlewares/Third_Party/Agv/Communication_pack/src/link/uart_rs485.c:228:5: warning: implicit declaration of function 'memcpy' [-Wimplicit-function-declaration]
  228 |     memcpy(buf_out, frame->data, *buf_len);
      |     ^~~~~~
../Middlewares/Third_Party/Agv/Communication_pack/src/link/uart_rs485.c:10:1: note: include '<string.h>' or provide a declaration of 'memcpy'
    9 | #include "semphr.h"
  +++ |+#include <string.h>
   10 | #include "stm32f4xx_hal.h"
../Middlewares/Third_Party/Agv/Communication_pack/src/link/uart_rs485.c:228:5: warning: incompatible implicit declaration of built-in function 'memcpy' [-Wbuiltin-declaration-mismatch]
  228 |     memcpy(buf_out, frame->data, *buf_len);
      |     ^~~~~~
../Middlewares/Third_Party/Agv/Communication_pack/src/link/uart_rs485.c:228:5: note: include '<string.h>' or provide a declaration of 'memcpy'
../Middlewares/Third_Party/Agv/Communication_pack/src/link/uart_rs485.c: In function 'LnkRs485_on_rx_rcv':
../Middlewares/Third_Party/Agv/Communication_pack/src/link/uart_rs485.c:261:5: warning: incompatible implicit declaration of built-in function 'memcpy' [-Wbuiltin-declaration-mismatch]
  261 |     memcpy(frame->data, impl->rx_buf, data_len);
      |     ^~~~~~
../Middlewares/Third_Party/Agv/Communication_pack/src/link/uart_rs485.c:261:5: note: include '<string.h>' or provide a declaration of 'memcpy'
../Middlewares/Third_Party/Agv/Communication_pack/src/link/uart_ttl.c: In function 'LnkTtl_recv_bytes':
../Middlewares/Third_Party/Agv/Communication_pack/src/link/uart_ttl.c:162:25: warning: unused variable 'huart' [-Wunused-variable]
  162 |     UART_HandleTypeDef* huart = cfg->huart;
      |                         ^~~~~
../Middlewares/Third_Party/Agv/Communication_pack/src/link/uart_ttl.c: In function 'LnkTtl_pop_rx_queue':
../Middlewares/Third_Party/Agv/Communication_pack/src/link/uart_ttl.c:191:5: warning: implicit declaration of function 'memcpy' [-Wimplicit-function-declaration]
  191 |     memcpy(buf_out, frame->data, *buf_len);
      |     ^~~~~~
../Middlewares/Third_Party/Agv/Communication_pack/src/link/uart_ttl.c:11:1: note: include '<string.h>' or provide a declaration of 'memcpy'
   10 | #include "queue.h"
  +++ |+#include <string.h>
   11 | #include "stm32f4xx_hal.h"
../Middlewares/Third_Party/Agv/Communication_pack/src/link/uart_ttl.c:191:5: warning: incompatible implicit declaration of built-in function 'memcpy' [-Wbuiltin-declaration-mismatch]
  191 |     memcpy(buf_out, frame->data, *buf_len);
      |     ^~~~~~
../Middlewares/Third_Party/Agv/Communication_pack/src/link/uart_ttl.c:191:5: note: include '<string.h>' or provide a declaration of 'memcpy'
../Middlewares/Third_Party/Agv/Communication_pack/src/link/uart_ttl.c: In function 'LnkTtl_on_rx_rcv':
../Middlewares/Third_Party/Agv/Communication_pack/src/link/uart_ttl.c:224:5: warning: incompatible implicit declaration of built-in function 'memcpy' [-Wbuiltin-declaration-mismatch]
  224 |     memcpy(frame->data, impl->rx_buf, data_len);
      |     ^~~~~~
../Middlewares/Third_Party/Agv/Communication_pack/src/link/uart_ttl.c:224:5: note: include '<string.h>' or provide a declaration of 'memcpy'
../Core/Src/freertos.c: In function 'AgvHeartbeatTask':
../Core/Src/freertos.c:202:9: warning: variable 'code' set but not used [-Wunused-but-set-variable]
  202 |     int code = AGV_OK;
      |         ^~~~
../Core/Src/freertos.c: In function 'AgvHostMsgCallbackTask':
../Core/Src/freertos.c:232:13: warning: unused variable 'code' [-Wunused-variable]
  232 |         int code = AgvCore_step_on_host_msg(s_agv_core);
      |             ^~~~
arm-none-eabi-gcc -o "Motor_bridge.elf" @"objects.list"   -mcpu=cortex-m4 -T"C:\Users\liushaw\Desktop\STM32F407\Motor_bridge\STM32F407VGTX_FLASH.ld" --specs=nosys.specs -Wl,-Map="Motor_bridge.map" -Wl,--gc-sections -static --specs=nano.specs -mfpu=fpv4-sp-d16 -mfloat-abi=hard -mthumb -u _printf_float -u _scanf_float -Wl,--start-group -lc -lm -Wl,--end-group
Finished building target: Motor_bridge.elf
 
arm-none-eabi-size  Motor_bridge.elf 
arm-none-eabi-objdump -h -S Motor_bridge.elf  > "Motor_bridge.list"
   text	   data	    bss	    dec	    hex	filename
  80212	    472	  88264	 168948	  293f4	Motor_bridge.elf
Finished building: default.size.stdout
 
Finished building: Motor_bridge.list
 
09:50:22 **** Incremental Build of configuration Debug for project Motor_bridge ****
make -j18 all 
arm-none-eabi-size  Motor_bridge.elf 
   text	   data	    bss	    dec	    hex	filename
  80212	    472	  88264	 168948	  293f4	Motor_bridge.elf
Finished building: default.size.stdout
 
09:51:21 **** Incremental Build of configuration Debug for project Motor_bridge ****
make -j18 all 
arm-none-eabi-gcc "../Core/Src/freertos.c" -mcpu=cortex-m4 -std=gnu11 -g3 -DDEBUG -DUSE_HAL_DRIVER -DSTM32F407xx -DSTM32_THREAD_SAFE_STRATEGY=5 -c -I../Core/Inc -I../Drivers/STM32F4xx_HAL_Driver/Inc -I../Drivers/STM32F4xx_HAL_Driver/Inc/Legacy -I../Middlewares/Third_Party/FreeRTOS/Source/include -I../Middlewares/Third_Party/FreeRTOS/Source/CMSIS_RTOS_V2 -I../Middlewares/Third_Party/FreeRTOS/Source/portable/GCC/ARM_CM4F -I../Drivers/CMSIS/Device/ST/STM32F4xx/Include -I../Drivers/CMSIS/Include -I../Core/ThreadSafe -I"C:/Users/liushaw/Desktop/STM32F407/Motor_bridge/Middlewares/Third_Party/Agv/Core/include" -I"C:/Users/liushaw/Desktop/STM32F407/Motor_bridge/Middlewares/Third_Party/Agv/Factory/include" -I"C:/Users/liushaw/Desktop/STM32F407/Motor_bridge/Middlewares/Third_Party/Agv/Communication_pack/include" -I"C:/Users/liushaw/Desktop/STM32F407/Motor_bridge/Middlewares/Third_Party/Agv/Host_communication/include" -I"C:/Users/liushaw/Desktop/STM32F407/Motor_bridge/Middlewares/Third_Party/Agv/Motors/include" -I"C:/Users/liushaw/Desktop/STM32F407/Motor_bridge/Middlewares/Third_Party/Agv/Control/include" -I"C:/Users/liushaw/Desktop/STM32F407/Motor_bridge/Middlewares/Third_Party/Agv/Kinematics/include" -O0 -ffunction-sections -fdata-sections -Wall -fstack-usage -fcyclomatic-complexity -MMD -MP -MF"Core/Src/freertos.d" -MT"Core/Src/freertos.o" --specs=nano.specs -mfpu=fpv4-sp-d16 -mfloat-abi=hard -mthumb -o "Core/Src/freertos.o"
../Core/Src/freertos.c: In function 'AgvHeartbeatTask':
../Core/Src/freertos.c:202:9: warning: variable 'code' set but not used [-Wunused-but-set-variable]
  202 |     int code = AGV_OK;
      |         ^~~~
../Core/Src/freertos.c: In function 'AgvHostMsgCallbackTask':
../Core/Src/freertos.c:232:13: warning: unused variable 'code' [-Wunused-variable]
  232 |         int code = AgvCore_step_on_host_msg(s_agv_core);
      |             ^~~~
arm-none-eabi-gcc -o "Motor_bridge.elf" @"objects.list"   -mcpu=cortex-m4 -T"C:\Users\liushaw\Desktop\STM32F407\Motor_bridge\STM32F407VGTX_FLASH.ld" --specs=nosys.specs -Wl,-Map="Motor_bridge.map" -Wl,--gc-sections -static --specs=nano.specs -mfpu=fpv4-sp-d16 -mfloat-abi=hard -mthumb -u _printf_float -u _scanf_float -Wl,--start-group -lc -lm -Wl,--end-group
Finished building target: Motor_bridge.elf
 
arm-none-eabi-size  Motor_bridge.elf 
arm-none-eabi-objdump -h -S Motor_bridge.elf  > "Motor_bridge.list"
   text	   data	    bss	    dec	    hex	filename
  80212	    472	  88264	 168948	  293f4	Motor_bridge.elf
Finished building: default.size.stdout
 
Finished building: Motor_bridge.list
 
09:55:24 **** Incremental Build of configuration Debug for project Motor_bridge ****
make -j18 all 
arm-none-eabi-gcc "../Middlewares/Third_Party/Agv/Control/src/pid.c" -mcpu=cortex-m4 -std=gnu11 -g3 -DDEBUG -DUSE_HAL_DRIVER -DSTM32F407xx -DSTM32_THREAD_SAFE_STRATEGY=5 -c -I../Core/Inc -I../Drivers/STM32F4xx_HAL_Driver/Inc -I../Drivers/STM32F4xx_HAL_Driver/Inc/Legacy -I../Middlewares/Third_Party/FreeRTOS/Source/include -I../Middlewares/Third_Party/FreeRTOS/Source/CMSIS_RTOS_V2 -I../Middlewares/Third_Party/FreeRTOS/Source/portable/GCC/ARM_CM4F -I../Drivers/CMSIS/Device/ST/STM32F4xx/Include -I../Drivers/CMSIS/Include -I../Core/ThreadSafe -I"C:/Users/liushaw/Desktop/STM32F407/Motor_bridge/Middlewares/Third_Party/Agv/Core/include" -I"C:/Users/liushaw/Desktop/STM32F407/Motor_bridge/Middlewares/Third_Party/Agv/Factory/include" -I"C:/Users/liushaw/Desktop/STM32F407/Motor_bridge/Middlewares/Third_Party/Agv/Communication_pack/include" -I"C:/Users/liushaw/Desktop/STM32F407/Motor_bridge/Middlewares/Third_Party/Agv/Host_communication/include" -I"C:/Users/liushaw/Desktop/STM32F407/Motor_bridge/Middlewares/Third_Party/Agv/Motors/include" -I"C:/Users/liushaw/Desktop/STM32F407/Motor_bridge/Middlewares/Third_Party/Agv/Control/include" -I"C:/Users/liushaw/Desktop/STM32F407/Motor_bridge/Middlewares/Third_Party/Agv/Kinematics/include" -O0 -ffunction-sections -fdata-sections -Wall -fstack-usage -fcyclomatic-complexity -MMD -MP -MF"Middlewares/Third_Party/Agv/Control/src/pid.d" -MT"Middlewares/Third_Party/Agv/Control/src/pid.o" --specs=nano.specs -mfpu=fpv4-sp-d16 -mfloat-abi=hard -mthumb -o "Middlewares/Third_Party/Agv/Control/src/pid.o"
arm-none-eabi-gcc "../Core/Src/freertos.c" -mcpu=cortex-m4 -std=gnu11 -g3 -DDEBUG -DUSE_HAL_DRIVER -DSTM32F407xx -DSTM32_THREAD_SAFE_STRATEGY=5 -c -I../Core/Inc -I../Drivers/STM32F4xx_HAL_Driver/Inc -I../Drivers/STM32F4xx_HAL_Driver/Inc/Legacy -I../Middlewares/Third_Party/FreeRTOS/Source/include -I../Middlewares/Third_Party/FreeRTOS/Source/CMSIS_RTOS_V2 -I../Middlewares/Third_Party/FreeRTOS/Source/portable/GCC/ARM_CM4F -I../Drivers/CMSIS/Device/ST/STM32F4xx/Include -I../Drivers/CMSIS/Include -I../Core/ThreadSafe -I"C:/Users/liushaw/Desktop/STM32F407/Motor_bridge/Middlewares/Third_Party/Agv/Core/include" -I"C:/Users/liushaw/Desktop/STM32F407/Motor_bridge/Middlewares/Third_Party/Agv/Factory/include" -I"C:/Users/liushaw/Desktop/STM32F407/Motor_bridge/Middlewares/Third_Party/Agv/Communication_pack/include" -I"C:/Users/liushaw/Desktop/STM32F407/Motor_bridge/Middlewares/Third_Party/Agv/Host_communication/include" -I"C:/Users/liushaw/Desktop/STM32F407/Motor_bridge/Middlewares/Third_Party/Agv/Motors/include" -I"C:/Users/liushaw/Desktop/STM32F407/Motor_bridge/Middlewares/Third_Party/Agv/Control/include" -I"C:/Users/liushaw/Desktop/STM32F407/Motor_bridge/Middlewares/Third_Party/Agv/Kinematics/include" -O0 -ffunction-sections -fdata-sections -Wall -fstack-usage -fcyclomatic-complexity -MMD -MP -MF"Core/Src/freertos.d" -MT"Core/Src/freertos.o" --specs=nano.specs -mfpu=fpv4-sp-d16 -mfloat-abi=hard -mthumb -o "Core/Src/freertos.o"
../Middlewares/Third_Party/Agv/Control/src/pid.c: In function 'Ctrl_pid_create':
../Middlewares/Third_Party/Agv/Control/src/pid.c:63:5: warning: implicit declaration of function 'memset' [-Wimplicit-function-declaration]
   63 |     memset(&impl->vel_des, 0, sizeof(Twist2D));
      |     ^~~~~~
../Middlewares/Third_Party/Agv/Control/src/pid.c:11:1: note: include '<string.h>' or provide a declaration of 'memset'
   10 | #include "semphr.h"
  +++ |+#include <string.h>
   11 | 
../Middlewares/Third_Party/Agv/Control/src/pid.c:63:5: warning: incompatible implicit declaration of built-in function 'memset' [-Wbuiltin-declaration-mismatch]
   63 |     memset(&impl->vel_des, 0, sizeof(Twist2D));
      |     ^~~~~~
../Middlewares/Third_Party/Agv/Control/src/pid.c:63:5: note: include '<string.h>' or provide a declaration of 'memset'
../Middlewares/Third_Party/Agv/Control/src/pid.c: In function 'pid_set_des_vel':
../Middlewares/Third_Party/Agv/Control/src/pid.c:109:5: warning: implicit declaration of function 'memcpy' [-Wimplicit-function-declaration]
  109 |     memcpy(&impl->vel_des, cmd_in, sizeof(impl->vel_des));
      |     ^~~~~~
../Middlewares/Third_Party/Agv/Control/src/pid.c:109:5: note: include '<string.h>' or provide a declaration of 'memcpy'
../Middlewares/Third_Party/Agv/Control/src/pid.c:109:5: warning: incompatible implicit declaration of built-in function 'memcpy' [-Wbuiltin-declaration-mismatch]
../Middlewares/Third_Party/Agv/Control/src/pid.c:109:5: note: include '<string.h>' or provide a declaration of 'memcpy'
../Middlewares/Third_Party/Agv/Control/src/pid.c: In function 'pid_set_curr_vel':
../Middlewares/Third_Party/Agv/Control/src/pid.c:121:5: warning: incompatible implicit declaration of built-in function 'memcpy' [-Wbuiltin-declaration-mismatch]
  121 |     memcpy(&impl->vel_curr, curr_vel, sizeof(impl->vel_curr));
      |     ^~~~~~
../Middlewares/Third_Party/Agv/Control/src/pid.c:121:5: note: include '<string.h>' or provide a declaration of 'memcpy'
../Core/Src/freertos.c: In function 'AgvHeartbeatTask':
../Core/Src/freertos.c:202:9: warning: variable 'code' set but not used [-Wunused-but-set-variable]
  202 |     int code = AGV_OK;
      |         ^~~~
../Core/Src/freertos.c: In function 'AgvHostMsgCallbackTask':
../Core/Src/freertos.c:232:13: warning: unused variable 'code' [-Wunused-variable]
  232 |         int code = AgvCore_step_on_host_msg(s_agv_core);
      |             ^~~~
arm-none-eabi-gcc -o "Motor_bridge.elf" @"objects.list"   -mcpu=cortex-m4 -T"C:\Users\liushaw\Desktop\STM32F407\Motor_bridge\STM32F407VGTX_FLASH.ld" --specs=nosys.specs -Wl,-Map="Motor_bridge.map" -Wl,--gc-sections -static --specs=nano.specs -mfpu=fpv4-sp-d16 -mfloat-abi=hard -mthumb -u _printf_float -u _scanf_float -Wl,--start-group -lc -lm -Wl,--end-group
Finished building target: Motor_bridge.elf
 
arm-none-eabi-size  Motor_bridge.elf 
arm-none-eabi-objdump -h -S Motor_bridge.elf  > "Motor_bridge.list"
   text	   data	    bss	    dec	    hex	filename
  80164	    472	  88264	 168900	  293c4	Motor_bridge.elf
Finished building: default.size.stdout
 
Finished building: Motor_bridge.list
 
09:58:07 **** Incremental Build of configuration Debug for project Motor_bridge ****
make -j18 all 
arm-none-eabi-gcc "../Middlewares/Third_Party/Agv/Control/src/pid.c" -mcpu=cortex-m4 -std=gnu11 -g3 -DDEBUG -DUSE_HAL_DRIVER -DSTM32F407xx -DSTM32_THREAD_SAFE_STRATEGY=5 -c -I../Core/Inc -I../Drivers/STM32F4xx_HAL_Driver/Inc -I../Drivers/STM32F4xx_HAL_Driver/Inc/Legacy -I../Middlewares/Third_Party/FreeRTOS/Source/include -I../Middlewares/Third_Party/FreeRTOS/Source/CMSIS_RTOS_V2 -I../Middlewares/Third_Party/FreeRTOS/Source/portable/GCC/ARM_CM4F -I../Drivers/CMSIS/Device/ST/STM32F4xx/Include -I../Drivers/CMSIS/Include -I../Core/ThreadSafe -I"C:/Users/liushaw/Desktop/STM32F407/Motor_bridge/Middlewares/Third_Party/Agv/Core/include" -I"C:/Users/liushaw/Desktop/STM32F407/Motor_bridge/Middlewares/Third_Party/Agv/Factory/include" -I"C:/Users/liushaw/Desktop/STM32F407/Motor_bridge/Middlewares/Third_Party/Agv/Communication_pack/include" -I"C:/Users/liushaw/Desktop/STM32F407/Motor_bridge/Middlewares/Third_Party/Agv/Host_communication/include" -I"C:/Users/liushaw/Desktop/STM32F407/Motor_bridge/Middlewares/Third_Party/Agv/Motors/include" -I"C:/Users/liushaw/Desktop/STM32F407/Motor_bridge/Middlewares/Third_Party/Agv/Control/include" -I"C:/Users/liushaw/Desktop/STM32F407/Motor_bridge/Middlewares/Third_Party/Agv/Kinematics/include" -O0 -ffunction-sections -fdata-sections -Wall -fstack-usage -fcyclomatic-complexity -MMD -MP -MF"Middlewares/Third_Party/Agv/Control/src/pid.d" -MT"Middlewares/Third_Party/Agv/Control/src/pid.o" --specs=nano.specs -mfpu=fpv4-sp-d16 -mfloat-abi=hard -mthumb -o "Middlewares/Third_Party/Agv/Control/src/pid.o"
arm-none-eabi-gcc "../Core/Src/freertos.c" -mcpu=cortex-m4 -std=gnu11 -g3 -DDEBUG -DUSE_HAL_DRIVER -DSTM32F407xx -DSTM32_THREAD_SAFE_STRATEGY=5 -c -I../Core/Inc -I../Drivers/STM32F4xx_HAL_Driver/Inc -I../Drivers/STM32F4xx_HAL_Driver/Inc/Legacy -I../Middlewares/Third_Party/FreeRTOS/Source/include -I../Middlewares/Third_Party/FreeRTOS/Source/CMSIS_RTOS_V2 -I../Middlewares/Third_Party/FreeRTOS/Source/portable/GCC/ARM_CM4F -I../Drivers/CMSIS/Device/ST/STM32F4xx/Include -I../Drivers/CMSIS/Include -I../Core/ThreadSafe -I"C:/Users/liushaw/Desktop/STM32F407/Motor_bridge/Middlewares/Third_Party/Agv/Core/include" -I"C:/Users/liushaw/Desktop/STM32F407/Motor_bridge/Middlewares/Third_Party/Agv/Factory/include" -I"C:/Users/liushaw/Desktop/STM32F407/Motor_bridge/Middlewares/Third_Party/Agv/Communication_pack/include" -I"C:/Users/liushaw/Desktop/STM32F407/Motor_bridge/Middlewares/Third_Party/Agv/Host_communication/include" -I"C:/Users/liushaw/Desktop/STM32F407/Motor_bridge/Middlewares/Third_Party/Agv/Motors/include" -I"C:/Users/liushaw/Desktop/STM32F407/Motor_bridge/Middlewares/Third_Party/Agv/Control/include" -I"C:/Users/liushaw/Desktop/STM32F407/Motor_bridge/Middlewares/Third_Party/Agv/Kinematics/include" -O0 -ffunction-sections -fdata-sections -Wall -fstack-usage -fcyclomatic-complexity -MMD -MP -MF"Core/Src/freertos.d" -MT"Core/Src/freertos.o" --specs=nano.specs -mfpu=fpv4-sp-d16 -mfloat-abi=hard -mthumb -o "Core/Src/freertos.o"
../Middlewares/Third_Party/Agv/Control/src/pid.c: In function 'Ctrl_pid_create':
../Middlewares/Third_Party/Agv/Control/src/pid.c:63:5: warning: implicit declaration of function 'memset' [-Wimplicit-function-declaration]
   63 |     memset(&impl->vel_des, 0, sizeof(Twist2D));
      |     ^~~~~~
../Middlewares/Third_Party/Agv/Control/src/pid.c:11:1: note: include '<string.h>' or provide a declaration of 'memset'
   10 | #include "semphr.h"
  +++ |+#include <string.h>
   11 | 
../Middlewares/Third_Party/Agv/Control/src/pid.c:63:5: warning: incompatible implicit declaration of built-in function 'memset' [-Wbuiltin-declaration-mismatch]
   63 |     memset(&impl->vel_des, 0, sizeof(Twist2D));
      |     ^~~~~~
../Middlewares/Third_Party/Agv/Control/src/pid.c:63:5: note: include '<string.h>' or provide a declaration of 'memset'
../Middlewares/Third_Party/Agv/Control/src/pid.c: In function 'pid_set_des_vel':
../Middlewares/Third_Party/Agv/Control/src/pid.c:109:5: warning: implicit declaration of function 'memcpy' [-Wimplicit-function-declaration]
  109 |     memcpy(&impl->vel_des, cmd_in, sizeof(impl->vel_des));
      |     ^~~~~~
../Middlewares/Third_Party/Agv/Control/src/pid.c:109:5: note: include '<string.h>' or provide a declaration of 'memcpy'
../Middlewares/Third_Party/Agv/Control/src/pid.c:109:5: warning: incompatible implicit declaration of built-in function 'memcpy' [-Wbuiltin-declaration-mismatch]
../Middlewares/Third_Party/Agv/Control/src/pid.c:109:5: note: include '<string.h>' or provide a declaration of 'memcpy'
../Middlewares/Third_Party/Agv/Control/src/pid.c: In function 'pid_set_curr_vel':
../Middlewares/Third_Party/Agv/Control/src/pid.c:121:5: warning: incompatible implicit declaration of built-in function 'memcpy' [-Wbuiltin-declaration-mismatch]
  121 |     memcpy(&impl->vel_curr, curr_vel, sizeof(impl->vel_curr));
      |     ^~~~~~
../Middlewares/Third_Party/Agv/Control/src/pid.c:121:5: note: include '<string.h>' or provide a declaration of 'memcpy'
../Core/Src/freertos.c: In function 'AgvHeartbeatTask':
../Core/Src/freertos.c:202:9: warning: variable 'code' set but not used [-Wunused-but-set-variable]
  202 |     int code = AGV_OK;
      |         ^~~~
../Core/Src/freertos.c: In function 'AgvHostMsgCallbackTask':
../Core/Src/freertos.c:232:13: warning: unused variable 'code' [-Wunused-variable]
  232 |         int code = AgvCore_step_on_host_msg(s_agv_core);
      |             ^~~~
arm-none-eabi-gcc -o "Motor_bridge.elf" @"objects.list"   -mcpu=cortex-m4 -T"C:\Users\liushaw\Desktop\STM32F407\Motor_bridge\STM32F407VGTX_FLASH.ld" --specs=nosys.specs -Wl,-Map="Motor_bridge.map" -Wl,--gc-sections -static --specs=nano.specs -mfpu=fpv4-sp-d16 -mfloat-abi=hard -mthumb -u _printf_float -u _scanf_float -Wl,--start-group -lc -lm -Wl,--end-group
Finished building target: Motor_bridge.elf
 
arm-none-eabi-size  Motor_bridge.elf 
arm-none-eabi-objdump -h -S Motor_bridge.elf  > "Motor_bridge.list"
   text	   data	    bss	    dec	    hex	filename
  80212	    472	  88264	 168948	  293f4	Motor_bridge.elf
Finished building: default.size.stdout
 
Finished building: Motor_bridge.list
 
10:25:37 **** Incremental Build of configuration Debug for project Motor_bridge ****
make -j18 all 
arm-none-eabi-gcc "../Middlewares/Third_Party/Agv/Motors/src/blvr.c" -mcpu=cortex-m4 -std=gnu11 -g3 -DDEBUG -DUSE_HAL_DRIVER -DSTM32F407xx -DSTM32_THREAD_SAFE_STRATEGY=5 -c -I../Core/Inc -I../Drivers/STM32F4xx_HAL_Driver/Inc -I../Drivers/STM32F4xx_HAL_Driver/Inc/Legacy -I../Middlewares/Third_Party/FreeRTOS/Source/include -I../Middlewares/Third_Party/FreeRTOS/Source/CMSIS_RTOS_V2 -I../Middlewares/Third_Party/FreeRTOS/Source/portable/GCC/ARM_CM4F -I../Drivers/CMSIS/Device/ST/STM32F4xx/Include -I../Drivers/CMSIS/Include -I../Core/ThreadSafe -I"C:/Users/liushaw/Desktop/STM32F407/Motor_bridge/Middlewares/Third_Party/Agv/Core/include" -I"C:/Users/liushaw/Desktop/STM32F407/Motor_bridge/Middlewares/Third_Party/Agv/Factory/include" -I"C:/Users/liushaw/Desktop/STM32F407/Motor_bridge/Middlewares/Third_Party/Agv/Communication_pack/include" -I"C:/Users/liushaw/Desktop/STM32F407/Motor_bridge/Middlewares/Third_Party/Agv/Host_communication/include" -I"C:/Users/liushaw/Desktop/STM32F407/Motor_bridge/Middlewares/Third_Party/Agv/Motors/include" -I"C:/Users/liushaw/Desktop/STM32F407/Motor_bridge/Middlewares/Third_Party/Agv/Control/include" -I"C:/Users/liushaw/Desktop/STM32F407/Motor_bridge/Middlewares/Third_Party/Agv/Kinematics/include" -O0 -ffunction-sections -fdata-sections -Wall -fstack-usage -fcyclomatic-complexity -MMD -MP -MF"Middlewares/Third_Party/Agv/Motors/src/blvr.d" -MT"Middlewares/Third_Party/Agv/Motors/src/blvr.o" --specs=nano.specs -mfpu=fpv4-sp-d16 -mfloat-abi=hard -mthumb -o "Middlewares/Third_Party/Agv/Motors/src/blvr.o"
arm-none-eabi-gcc "../Middlewares/Third_Party/Agv/Core/src/core.c" -mcpu=cortex-m4 -std=gnu11 -g3 -DDEBUG -DUSE_HAL_DRIVER -DSTM32F407xx -DSTM32_THREAD_SAFE_STRATEGY=5 -c -I../Core/Inc -I../Drivers/STM32F4xx_HAL_Driver/Inc -I../Drivers/STM32F4xx_HAL_Driver/Inc/Legacy -I../Middlewares/Third_Party/FreeRTOS/Source/include -I../Middlewares/Third_Party/FreeRTOS/Source/CMSIS_RTOS_V2 -I../Middlewares/Third_Party/FreeRTOS/Source/portable/GCC/ARM_CM4F -I../Drivers/CMSIS/Device/ST/STM32F4xx/Include -I../Drivers/CMSIS/Include -I../Core/ThreadSafe -I"C:/Users/liushaw/Desktop/STM32F407/Motor_bridge/Middlewares/Third_Party/Agv/Core/include" -I"C:/Users/liushaw/Desktop/STM32F407/Motor_bridge/Middlewares/Third_Party/Agv/Factory/include" -I"C:/Users/liushaw/Desktop/STM32F407/Motor_bridge/Middlewares/Third_Party/Agv/Communication_pack/include" -I"C:/Users/liushaw/Desktop/STM32F407/Motor_bridge/Middlewares/Third_Party/Agv/Host_communication/include" -I"C:/Users/liushaw/Desktop/STM32F407/Motor_bridge/Middlewares/Third_Party/Agv/Motors/include" -I"C:/Users/liushaw/Desktop/STM32F407/Motor_bridge/Middlewares/Third_Party/Agv/Control/include" -I"C:/Users/liushaw/Desktop/STM32F407/Motor_bridge/Middlewares/Third_Party/Agv/Kinematics/include" -O0 -ffunction-sections -fdata-sections -Wall -fstack-usage -fcyclomatic-complexity -MMD -MP -MF"Middlewares/Third_Party/Agv/Core/src/core.d" -MT"Middlewares/Third_Party/Agv/Core/src/core.o" --specs=nano.specs -mfpu=fpv4-sp-d16 -mfloat-abi=hard -mthumb -o "Middlewares/Third_Party/Agv/Core/src/core.o"
arm-none-eabi-gcc "../Middlewares/Third_Party/Agv/Control/src/pid.c" -mcpu=cortex-m4 -std=gnu11 -g3 -DDEBUG -DUSE_HAL_DRIVER -DSTM32F407xx -DSTM32_THREAD_SAFE_STRATEGY=5 -c -I../Core/Inc -I../Drivers/STM32F4xx_HAL_Driver/Inc -I../Drivers/STM32F4xx_HAL_Driver/Inc/Legacy -I../Middlewares/Third_Party/FreeRTOS/Source/include -I../Middlewares/Third_Party/FreeRTOS/Source/CMSIS_RTOS_V2 -I../Middlewares/Third_Party/FreeRTOS/Source/portable/GCC/ARM_CM4F -I../Drivers/CMSIS/Device/ST/STM32F4xx/Include -I../Drivers/CMSIS/Include -I../Core/ThreadSafe -I"C:/Users/liushaw/Desktop/STM32F407/Motor_bridge/Middlewares/Third_Party/Agv/Core/include" -I"C:/Users/liushaw/Desktop/STM32F407/Motor_bridge/Middlewares/Third_Party/Agv/Factory/include" -I"C:/Users/liushaw/Desktop/STM32F407/Motor_bridge/Middlewares/Third_Party/Agv/Communication_pack/include" -I"C:/Users/liushaw/Desktop/STM32F407/Motor_bridge/Middlewares/Third_Party/Agv/Host_communication/include" -I"C:/Users/liushaw/Desktop/STM32F407/Motor_bridge/Middlewares/Third_Party/Agv/Motors/include" -I"C:/Users/liushaw/Desktop/STM32F407/Motor_bridge/Middlewares/Third_Party/Agv/Control/include" -I"C:/Users/liushaw/Desktop/STM32F407/Motor_bridge/Middlewares/Third_Party/Agv/Kinematics/include" -O0 -ffunction-sections -fdata-sections -Wall -fstack-usage -fcyclomatic-complexity -MMD -MP -MF"Middlewares/Third_Party/Agv/Control/src/pid.d" -MT"Middlewares/Third_Party/Agv/Control/src/pid.o" --specs=nano.specs -mfpu=fpv4-sp-d16 -mfloat-abi=hard -mthumb -o "Middlewares/Third_Party/Agv/Control/src/pid.o"
arm-none-eabi-gcc "../Core/Src/freertos.c" -mcpu=cortex-m4 -std=gnu11 -g3 -DDEBUG -DUSE_HAL_DRIVER -DSTM32F407xx -DSTM32_THREAD_SAFE_STRATEGY=5 -c -I../Core/Inc -I../Drivers/STM32F4xx_HAL_Driver/Inc -I../Drivers/STM32F4xx_HAL_Driver/Inc/Legacy -I../Middlewares/Third_Party/FreeRTOS/Source/include -I../Middlewares/Third_Party/FreeRTOS/Source/CMSIS_RTOS_V2 -I../Middlewares/Third_Party/FreeRTOS/Source/portable/GCC/ARM_CM4F -I../Drivers/CMSIS/Device/ST/STM32F4xx/Include -I../Drivers/CMSIS/Include -I../Core/ThreadSafe -I"C:/Users/liushaw/Desktop/STM32F407/Motor_bridge/Middlewares/Third_Party/Agv/Core/include" -I"C:/Users/liushaw/Desktop/STM32F407/Motor_bridge/Middlewares/Third_Party/Agv/Factory/include" -I"C:/Users/liushaw/Desktop/STM32F407/Motor_bridge/Middlewares/Third_Party/Agv/Communication_pack/include" -I"C:/Users/liushaw/Desktop/STM32F407/Motor_bridge/Middlewares/Third_Party/Agv/Host_communication/include" -I"C:/Users/liushaw/Desktop/STM32F407/Motor_bridge/Middlewares/Third_Party/Agv/Motors/include" -I"C:/Users/liushaw/Desktop/STM32F407/Motor_bridge/Middlewares/Third_Party/Agv/Control/include" -I"C:/Users/liushaw/Desktop/STM32F407/Motor_bridge/Middlewares/Third_Party/Agv/Kinematics/include" -O0 -ffunction-sections -fdata-sections -Wall -fstack-usage -fcyclomatic-complexity -MMD -MP -MF"Core/Src/freertos.d" -MT"Core/Src/freertos.o" --specs=nano.specs -mfpu=fpv4-sp-d16 -mfloat-abi=hard -mthumb -o "Core/Src/freertos.o"
../Middlewares/Third_Party/Agv/Core/src/core.c: In function 'AgvCore_step_body_control':
../Middlewares/Third_Party/Agv/Core/src/core.c:63:1: warning: control reaches end of non-void function [-Wreturn-type]
   63 | }
      | ^
../Middlewares/Third_Party/Agv/Control/src/pid.c: In function 'Ctrl_pid_create':
../Middlewares/Third_Party/Agv/Control/src/pid.c:63:5: warning: implicit declaration of function 'memset' [-Wimplicit-function-declaration]
   63 |     memset(&impl->vel_des, 0, sizeof(Twist2D));
      |     ^~~~~~
../Middlewares/Third_Party/Agv/Control/src/pid.c:11:1: note: include '<string.h>' or provide a declaration of 'memset'
   10 | #include "semphr.h"
  +++ |+#include <string.h>
   11 | 
../Middlewares/Third_Party/Agv/Control/src/pid.c:63:5: warning: incompatible implicit declaration of built-in function 'memset' [-Wbuiltin-declaration-mismatch]
   63 |     memset(&impl->vel_des, 0, sizeof(Twist2D));
      |     ^~~~~~
../Middlewares/Third_Party/Agv/Control/src/pid.c:63:5: note: include '<string.h>' or provide a declaration of 'memset'
../Middlewares/Third_Party/Agv/Control/src/pid.c:66:15: warning: assignment discards 'const' qualifier from pointer target type [-Wdiscarded-qualifiers]
   66 |     out->name = name;
      |               ^
../Middlewares/Third_Party/Agv/Control/src/pid.c: In function 'pid_set_des_vel':
../Middlewares/Third_Party/Agv/Control/src/pid.c:109:5: warning: implicit declaration of function 'memcpy' [-Wimplicit-function-declaration]
  109 |     memcpy(&impl->vel_des, cmd_in, sizeof(impl->vel_des));
      |     ^~~~~~
../Middlewares/Third_Party/Agv/Control/src/pid.c:109:5: note: include '<string.h>' or provide a declaration of 'memcpy'
../Middlewares/Third_Party/Agv/Control/src/pid.c:109:5: warning: incompatible implicit declaration of built-in function 'memcpy' [-Wbuiltin-declaration-mismatch]
../Middlewares/Third_Party/Agv/Control/src/pid.c:109:5: note: include '<string.h>' or provide a declaration of 'memcpy'
../Middlewares/Third_Party/Agv/Control/src/pid.c: In function 'pid_set_curr_vel':
../Middlewares/Third_Party/Agv/Control/src/pid.c:121:5: warning: incompatible implicit declaration of built-in function 'memcpy' [-Wbuiltin-declaration-mismatch]
  121 |     memcpy(&impl->vel_curr, curr_vel, sizeof(impl->vel_curr));
      |     ^~~~~~
../Middlewares/Third_Party/Agv/Control/src/pid.c:121:5: note: include '<string.h>' or provide a declaration of 'memcpy'
../Middlewares/Third_Party/Agv/Motors/src/blvr.c: In function 'blvr_get_state':
../Middlewares/Third_Party/Agv/Motors/src/blvr.c:348:13: warning: variable 'curr_state' set but not used [-Wunused-but-set-variable]
  348 |     int32_t curr_state[axis_count];
      |             ^~~~~~~~~~
../Middlewares/Third_Party/Agv/Motors/src/blvr.c: In function 'rad_s_to_regVelUnit':
../Middlewares/Third_Party/Agv/Motors/src/blvr.c:481:21: warning: implicit declaration of function 'lroundf' [-Wimplicit-function-declaration]
  481 |     return (int32_t)lroundf(rpm_f / unit_rpm);
      |                     ^~~~~~~
../Middlewares/Third_Party/Agv/Motors/src/blvr.c:15:1: note: include '<math.h>' or provide a declaration of 'lroundf'
   14 | #include "semphr.h"
  +++ |+#include <math.h>
   15 | 
../Middlewares/Third_Party/Agv/Motors/src/blvr.c:481:21: warning: incompatible implicit declaration of built-in function 'lroundf' [-Wbuiltin-declaration-mismatch]
  481 |     return (int32_t)lroundf(rpm_f / unit_rpm);
      |                     ^~~~~~~
../Middlewares/Third_Party/Agv/Motors/src/blvr.c:481:21: note: include '<math.h>' or provide a declaration of 'lroundf'
../Middlewares/Third_Party/Agv/Motors/src/blvr.c: In function 'rad_to_regAngUnit':
../Middlewares/Third_Party/Agv/Motors/src/blvr.c:491:21: warning: incompatible implicit declaration of built-in function 'lroundf' [-Wbuiltin-declaration-mismatch]
  491 |     return (int32_t)lroundf(degree / unit_degree);
      |                     ^~~~~~~
../Middlewares/Third_Party/Agv/Motors/src/blvr.c:491:21: note: include '<math.h>' or provide a declaration of 'lroundf'
../Core/Src/freertos.c: In function 'AgvHeartbeatTask':
../Core/Src/freertos.c:202:9: warning: variable 'code' set but not used [-Wunused-but-set-variable]
  202 |     int code = AGV_OK;
      |         ^~~~
../Core/Src/freertos.c: In function 'AgvHostMsgCallbackTask':
../Core/Src/freertos.c:232:13: warning: unused variable 'code' [-Wunused-variable]
  232 |         int code = AgvCore_step_on_host_msg(s_agv_core);
      |             ^~~~
arm-none-eabi-gcc -o "Motor_bridge.elf" @"objects.list"   -mcpu=cortex-m4 -T"C:\Users\liushaw\Desktop\STM32F407\Motor_bridge\STM32F407VGTX_FLASH.ld" --specs=nosys.specs -Wl,-Map="Motor_bridge.map" -Wl,--gc-sections -static --specs=nano.specs -mfpu=fpv4-sp-d16 -mfloat-abi=hard -mthumb -u _printf_float -u _scanf_float -Wl,--start-group -lc -lm -Wl,--end-group
Finished building target: Motor_bridge.elf
 
arm-none-eabi-size  Motor_bridge.elf 
arm-none-eabi-objdump -h -S Motor_bridge.elf  > "Motor_bridge.list"
   text	   data	    bss	    dec	    hex	filename
  79740	    472	  88256	 168468	  29214	Motor_bridge.elf
Finished building: default.size.stdout
 
Finished building: Motor_bridge.list
 
10:26:51 **** Incremental Build of configuration Debug for project Motor_bridge ****
make -j18 all 
arm-none-eabi-gcc "../Middlewares/Third_Party/Agv/Motors/src/blvr.c" -mcpu=cortex-m4 -std=gnu11 -g3 -DDEBUG -DUSE_HAL_DRIVER -DSTM32F407xx -DSTM32_THREAD_SAFE_STRATEGY=5 -c -I../Core/Inc -I../Drivers/STM32F4xx_HAL_Driver/Inc -I../Drivers/STM32F4xx_HAL_Driver/Inc/Legacy -I../Middlewares/Third_Party/FreeRTOS/Source/include -I../Middlewares/Third_Party/FreeRTOS/Source/CMSIS_RTOS_V2 -I../Middlewares/Third_Party/FreeRTOS/Source/portable/GCC/ARM_CM4F -I../Drivers/CMSIS/Device/ST/STM32F4xx/Include -I../Drivers/CMSIS/Include -I../Core/ThreadSafe -I"C:/Users/liushaw/Desktop/STM32F407/Motor_bridge/Middlewares/Third_Party/Agv/Core/include" -I"C:/Users/liushaw/Desktop/STM32F407/Motor_bridge/Middlewares/Third_Party/Agv/Factory/include" -I"C:/Users/liushaw/Desktop/STM32F407/Motor_bridge/Middlewares/Third_Party/Agv/Communication_pack/include" -I"C:/Users/liushaw/Desktop/STM32F407/Motor_bridge/Middlewares/Third_Party/Agv/Host_communication/include" -I"C:/Users/liushaw/Desktop/STM32F407/Motor_bridge/Middlewares/Third_Party/Agv/Motors/include" -I"C:/Users/liushaw/Desktop/STM32F407/Motor_bridge/Middlewares/Third_Party/Agv/Control/include" -I"C:/Users/liushaw/Desktop/STM32F407/Motor_bridge/Middlewares/Third_Party/Agv/Kinematics/include" -O0 -ffunction-sections -fdata-sections -Wall -fstack-usage -fcyclomatic-complexity -MMD -MP -MF"Middlewares/Third_Party/Agv/Motors/src/blvr.d" -MT"Middlewares/Third_Party/Agv/Motors/src/blvr.o" --specs=nano.specs -mfpu=fpv4-sp-d16 -mfloat-abi=hard -mthumb -o "Middlewares/Third_Party/Agv/Motors/src/blvr.o"
../Middlewares/Third_Party/Agv/Motors/src/blvr.c: In function 'rad_s_to_regVelUnit':
../Middlewares/Third_Party/Agv/Motors/src/blvr.c:481:21: warning: implicit declaration of function 'lroundf' [-Wimplicit-function-declaration]
  481 |     return (int32_t)lroundf(rpm_f / unit_rpm);
      |                     ^~~~~~~
../Middlewares/Third_Party/Agv/Motors/src/blvr.c:15:1: note: include '<math.h>' or provide a declaration of 'lroundf'
   14 | #include "semphr.h"
  +++ |+#include <math.h>
   15 | 
../Middlewares/Third_Party/Agv/Motors/src/blvr.c:481:21: warning: incompatible implicit declaration of built-in function 'lroundf' [-Wbuiltin-declaration-mismatch]
  481 |     return (int32_t)lroundf(rpm_f / unit_rpm);
      |                     ^~~~~~~
../Middlewares/Third_Party/Agv/Motors/src/blvr.c:481:21: note: include '<math.h>' or provide a declaration of 'lroundf'
../Middlewares/Third_Party/Agv/Motors/src/blvr.c: In function 'rad_to_regAngUnit':
../Middlewares/Third_Party/Agv/Motors/src/blvr.c:491:21: warning: incompatible implicit declaration of built-in function 'lroundf' [-Wbuiltin-declaration-mismatch]
  491 |     return (int32_t)lroundf(degree / unit_degree);
      |                     ^~~~~~~
../Middlewares/Third_Party/Agv/Motors/src/blvr.c:491:21: note: include '<math.h>' or provide a declaration of 'lroundf'
arm-none-eabi-gcc -o "Motor_bridge.elf" @"objects.list"   -mcpu=cortex-m4 -T"C:\Users\liushaw\Desktop\STM32F407\Motor_bridge\STM32F407VGTX_FLASH.ld" --specs=nosys.specs -Wl,-Map="Motor_bridge.map" -Wl,--gc-sections -static --specs=nano.specs -mfpu=fpv4-sp-d16 -mfloat-abi=hard -mthumb -u _printf_float -u _scanf_float -Wl,--start-group -lc -lm -Wl,--end-group
Finished building target: Motor_bridge.elf
 
arm-none-eabi-size  Motor_bridge.elf 
arm-none-eabi-objdump -h -S Motor_bridge.elf  > "Motor_bridge.list"
   text	   data	    bss	    dec	    hex	filename
  79876	    472	  88256	 168604	  2929c	Motor_bridge.elf
Finished building: default.size.stdout
 
Finished building: Motor_bridge.list
 
10:28:41 **** Incremental Build of configuration Debug for project Motor_bridge ****
make -j18 all 
arm-none-eabi-gcc "../Middlewares/Third_Party/Agv/Motors/src/blvr.c" -mcpu=cortex-m4 -std=gnu11 -g3 -DDEBUG -DUSE_HAL_DRIVER -DSTM32F407xx -DSTM32_THREAD_SAFE_STRATEGY=5 -c -I../Core/Inc -I../Drivers/STM32F4xx_HAL_Driver/Inc -I../Drivers/STM32F4xx_HAL_Driver/Inc/Legacy -I../Middlewares/Third_Party/FreeRTOS/Source/include -I../Middlewares/Third_Party/FreeRTOS/Source/CMSIS_RTOS_V2 -I../Middlewares/Third_Party/FreeRTOS/Source/portable/GCC/ARM_CM4F -I../Drivers/CMSIS/Device/ST/STM32F4xx/Include -I../Drivers/CMSIS/Include -I../Core/ThreadSafe -I"C:/Users/liushaw/Desktop/STM32F407/Motor_bridge/Middlewares/Third_Party/Agv/Core/include" -I"C:/Users/liushaw/Desktop/STM32F407/Motor_bridge/Middlewares/Third_Party/Agv/Factory/include" -I"C:/Users/liushaw/Desktop/STM32F407/Motor_bridge/Middlewares/Third_Party/Agv/Communication_pack/include" -I"C:/Users/liushaw/Desktop/STM32F407/Motor_bridge/Middlewares/Third_Party/Agv/Host_communication/include" -I"C:/Users/liushaw/Desktop/STM32F407/Motor_bridge/Middlewares/Third_Party/Agv/Motors/include" -I"C:/Users/liushaw/Desktop/STM32F407/Motor_bridge/Middlewares/Third_Party/Agv/Control/include" -I"C:/Users/liushaw/Desktop/STM32F407/Motor_bridge/Middlewares/Third_Party/Agv/Kinematics/include" -O0 -ffunction-sections -fdata-sections -Wall -fstack-usage -fcyclomatic-complexity -MMD -MP -MF"Middlewares/Third_Party/Agv/Motors/src/blvr.d" -MT"Middlewares/Third_Party/Agv/Motors/src/blvr.o" --specs=nano.specs -mfpu=fpv4-sp-d16 -mfloat-abi=hard -mthumb -o "Middlewares/Third_Party/Agv/Motors/src/blvr.o"
../Middlewares/Third_Party/Agv/Motors/src/blvr.c: In function 'blvr_get_state':
../Middlewares/Third_Party/Agv/Motors/src/blvr.c:348:13: warning: variable 'curr_state' set but not used [-Wunused-but-set-variable]
  348 |     int32_t curr_state[axis_count];
      |             ^~~~~~~~~~
../Middlewares/Third_Party/Agv/Motors/src/blvr.c: In function 'rad_s_to_regVelUnit':
../Middlewares/Third_Party/Agv/Motors/src/blvr.c:482:21: warning: implicit declaration of function 'lroundf' [-Wimplicit-function-declaration]
  482 |     return (int32_t)lroundf(rpm_f / unit_rpm);
      |                     ^~~~~~~
../Middlewares/Third_Party/Agv/Motors/src/blvr.c:15:1: note: include '<math.h>' or provide a declaration of 'lroundf'
   14 | #include "semphr.h"
  +++ |+#include <math.h>
   15 | 
../Middlewares/Third_Party/Agv/Motors/src/blvr.c:482:21: warning: incompatible implicit declaration of built-in function 'lroundf' [-Wbuiltin-declaration-mismatch]
  482 |     return (int32_t)lroundf(rpm_f / unit_rpm);
      |                     ^~~~~~~
../Middlewares/Third_Party/Agv/Motors/src/blvr.c:482:21: note: include '<math.h>' or provide a declaration of 'lroundf'
../Middlewares/Third_Party/Agv/Motors/src/blvr.c: In function 'rad_to_regAngUnit':
../Middlewares/Third_Party/Agv/Motors/src/blvr.c:492:21: warning: incompatible implicit declaration of built-in function 'lroundf' [-Wbuiltin-declaration-mismatch]
  492 |     return (int32_t)lroundf(degree / unit_degree);
      |                     ^~~~~~~
../Middlewares/Third_Party/Agv/Motors/src/blvr.c:492:21: note: include '<math.h>' or provide a declaration of 'lroundf'
arm-none-eabi-gcc -o "Motor_bridge.elf" @"objects.list"   -mcpu=cortex-m4 -T"C:\Users\liushaw\Desktop\STM32F407\Motor_bridge\STM32F407VGTX_FLASH.ld" --specs=nosys.specs -Wl,-Map="Motor_bridge.map" -Wl,--gc-sections -static --specs=nano.specs -mfpu=fpv4-sp-d16 -mfloat-abi=hard -mthumb -u _printf_float -u _scanf_float -Wl,--start-group -lc -lm -Wl,--end-group
Finished building target: Motor_bridge.elf
 
arm-none-eabi-size  Motor_bridge.elf 
arm-none-eabi-objdump -h -S Motor_bridge.elf  > "Motor_bridge.list"
   text	   data	    bss	    dec	    hex	filename
  79764	    472	  88256	 168492	  2922c	Motor_bridge.elf
Finished building: default.size.stdout
 
Finished building: Motor_bridge.list
 
10:34:18 **** Incremental Build of configuration Debug for project Motor_bridge ****
make -j18 all 
arm-none-eabi-gcc "../Middlewares/Third_Party/Agv/Control/src/pid.c" -mcpu=cortex-m4 -std=gnu11 -g3 -DDEBUG -DUSE_HAL_DRIVER -DSTM32F407xx -DSTM32_THREAD_SAFE_STRATEGY=5 -c -I../Core/Inc -I../Drivers/STM32F4xx_HAL_Driver/Inc -I../Drivers/STM32F4xx_HAL_Driver/Inc/Legacy -I../Middlewares/Third_Party/FreeRTOS/Source/include -I../Middlewares/Third_Party/FreeRTOS/Source/CMSIS_RTOS_V2 -I../Middlewares/Third_Party/FreeRTOS/Source/portable/GCC/ARM_CM4F -I../Drivers/CMSIS/Device/ST/STM32F4xx/Include -I../Drivers/CMSIS/Include -I../Core/ThreadSafe -I"C:/Users/liushaw/Desktop/STM32F407/Motor_bridge/Middlewares/Third_Party/Agv/Core/include" -I"C:/Users/liushaw/Desktop/STM32F407/Motor_bridge/Middlewares/Third_Party/Agv/Factory/include" -I"C:/Users/liushaw/Desktop/STM32F407/Motor_bridge/Middlewares/Third_Party/Agv/Communication_pack/include" -I"C:/Users/liushaw/Desktop/STM32F407/Motor_bridge/Middlewares/Third_Party/Agv/Host_communication/include" -I"C:/Users/liushaw/Desktop/STM32F407/Motor_bridge/Middlewares/Third_Party/Agv/Motors/include" -I"C:/Users/liushaw/Desktop/STM32F407/Motor_bridge/Middlewares/Third_Party/Agv/Control/include" -I"C:/Users/liushaw/Desktop/STM32F407/Motor_bridge/Middlewares/Third_Party/Agv/Kinematics/include" -O0 -ffunction-sections -fdata-sections -Wall -fstack-usage -fcyclomatic-complexity -MMD -MP -MF"Middlewares/Third_Party/Agv/Control/src/pid.d" -MT"Middlewares/Third_Party/Agv/Control/src/pid.o" --specs=nano.specs -mfpu=fpv4-sp-d16 -mfloat-abi=hard -mthumb -o "Middlewares/Third_Party/Agv/Control/src/pid.o"
../Middlewares/Third_Party/Agv/Control/src/pid.c: In function 'Ctrl_pid_create':
../Middlewares/Third_Party/Agv/Control/src/pid.c:64:5: warning: implicit declaration of function 'memset' [-Wimplicit-function-declaration]
   64 |     memset(&impl->vel_des, 0, sizeof(Twist2D));
      |     ^~~~~~
../Middlewares/Third_Party/Agv/Control/src/pid.c:12:1: note: include '<string.h>' or provide a declaration of 'memset'
   11 | #include "semphr.h"
  +++ |+#include <string.h>
   12 | 
../Middlewares/Third_Party/Agv/Control/src/pid.c:64:5: warning: incompatible implicit declaration of built-in function 'memset' [-Wbuiltin-declaration-mismatch]
   64 |     memset(&impl->vel_des, 0, sizeof(Twist2D));
      |     ^~~~~~
../Middlewares/Third_Party/Agv/Control/src/pid.c:64:5: note: include '<string.h>' or provide a declaration of 'memset'
../Middlewares/Third_Party/Agv/Control/src/pid.c:67:15: warning: assignment discards 'const' qualifier from pointer target type [-Wdiscarded-qualifiers]
   67 |     out->name = name;
      |               ^
../Middlewares/Third_Party/Agv/Control/src/pid.c: In function 'pid_set_des_vel':
../Middlewares/Third_Party/Agv/Control/src/pid.c:110:5: warning: implicit declaration of function 'memcpy' [-Wimplicit-function-declaration]
  110 |     memcpy(&impl->vel_des, cmd_in, sizeof(impl->vel_des));
      |     ^~~~~~
../Middlewares/Third_Party/Agv/Control/src/pid.c:110:5: note: include '<string.h>' or provide a declaration of 'memcpy'
../Middlewares/Third_Party/Agv/Control/src/pid.c:110:5: warning: incompatible implicit declaration of built-in function 'memcpy' [-Wbuiltin-declaration-mismatch]
../Middlewares/Third_Party/Agv/Control/src/pid.c:110:5: note: include '<string.h>' or provide a declaration of 'memcpy'
../Middlewares/Third_Party/Agv/Control/src/pid.c: In function 'pid_set_curr_vel':
../Middlewares/Third_Party/Agv/Control/src/pid.c:122:5: warning: incompatible implicit declaration of built-in function 'memcpy' [-Wbuiltin-declaration-mismatch]
  122 |     memcpy(&impl->vel_curr, curr_vel, sizeof(impl->vel_curr));
      |     ^~~~~~
../Middlewares/Third_Party/Agv/Control/src/pid.c:122:5: note: include '<string.h>' or provide a declaration of 'memcpy'
arm-none-eabi-gcc -o "Motor_bridge.elf" @"objects.list"   -mcpu=cortex-m4 -T"C:\Users\liushaw\Desktop\STM32F407\Motor_bridge\STM32F407VGTX_FLASH.ld" --specs=nosys.specs -Wl,-Map="Motor_bridge.map" -Wl,--gc-sections -static --specs=nano.specs -mfpu=fpv4-sp-d16 -mfloat-abi=hard -mthumb -u _printf_float -u _scanf_float -Wl,--start-group -lc -lm -Wl,--end-group
Finished building target: Motor_bridge.elf
 
arm-none-eabi-size  Motor_bridge.elf 
arm-none-eabi-objdump -h -S Motor_bridge.elf  > "Motor_bridge.list"
   text	   data	    bss	    dec	    hex	filename
  79844	    472	  88256	 168572	  2927c	Motor_bridge.elf
Finished building: default.size.stdout
 
Finished building: Motor_bridge.list
 
10:39:12 **** Incremental Build of configuration Debug for project Motor_bridge ****
make -j18 all 
arm-none-eabi-gcc "../Middlewares/Third_Party/Agv/Control/src/pid.c" -mcpu=cortex-m4 -std=gnu11 -g3 -DDEBUG -DUSE_HAL_DRIVER -DSTM32F407xx -DSTM32_THREAD_SAFE_STRATEGY=5 -c -I../Core/Inc -I../Drivers/STM32F4xx_HAL_Driver/Inc -I../Drivers/STM32F4xx_HAL_Driver/Inc/Legacy -I../Middlewares/Third_Party/FreeRTOS/Source/include -I../Middlewares/Third_Party/FreeRTOS/Source/CMSIS_RTOS_V2 -I../Middlewares/Third_Party/FreeRTOS/Source/portable/GCC/ARM_CM4F -I../Drivers/CMSIS/Device/ST/STM32F4xx/Include -I../Drivers/CMSIS/Include -I../Core/ThreadSafe -I"C:/Users/liushaw/Desktop/STM32F407/Motor_bridge/Middlewares/Third_Party/Agv/Core/include" -I"C:/Users/liushaw/Desktop/STM32F407/Motor_bridge/Middlewares/Third_Party/Agv/Factory/include" -I"C:/Users/liushaw/Desktop/STM32F407/Motor_bridge/Middlewares/Third_Party/Agv/Communication_pack/include" -I"C:/Users/liushaw/Desktop/STM32F407/Motor_bridge/Middlewares/Third_Party/Agv/Host_communication/include" -I"C:/Users/liushaw/Desktop/STM32F407/Motor_bridge/Middlewares/Third_Party/Agv/Motors/include" -I"C:/Users/liushaw/Desktop/STM32F407/Motor_bridge/Middlewares/Third_Party/Agv/Control/include" -I"C:/Users/liushaw/Desktop/STM32F407/Motor_bridge/Middlewares/Third_Party/Agv/Kinematics/include" -O0 -ffunction-sections -fdata-sections -Wall -fstack-usage -fcyclomatic-complexity -MMD -MP -MF"Middlewares/Third_Party/Agv/Control/src/pid.d" -MT"Middlewares/Third_Party/Agv/Control/src/pid.o" --specs=nano.specs -mfpu=fpv4-sp-d16 -mfloat-abi=hard -mthumb -o "Middlewares/Third_Party/Agv/Control/src/pid.o"
../Middlewares/Third_Party/Agv/Control/src/pid.c: In function 'Ctrl_pid_create':
../Middlewares/Third_Party/Agv/Control/src/pid.c:64:5: warning: implicit declaration of function 'memset' [-Wimplicit-function-declaration]
   64 |     memset(&impl->vel_des, 0, sizeof(Twist2D));
      |     ^~~~~~
../Middlewares/Third_Party/Agv/Control/src/pid.c:12:1: note: include '<string.h>' or provide a declaration of 'memset'
   11 | #include "semphr.h"
  +++ |+#include <string.h>
   12 | 
../Middlewares/Third_Party/Agv/Control/src/pid.c:64:5: warning: incompatible implicit declaration of built-in function 'memset' [-Wbuiltin-declaration-mismatch]
   64 |     memset(&impl->vel_des, 0, sizeof(Twist2D));
      |     ^~~~~~
../Middlewares/Third_Party/Agv/Control/src/pid.c:64:5: note: include '<string.h>' or provide a declaration of 'memset'
../Middlewares/Third_Party/Agv/Control/src/pid.c:67:15: warning: assignment discards 'const' qualifier from pointer target type [-Wdiscarded-qualifiers]
   67 |     out->name = name;
      |               ^
../Middlewares/Third_Party/Agv/Control/src/pid.c: In function 'pid_set_des_vel':
../Middlewares/Third_Party/Agv/Control/src/pid.c:110:5: warning: implicit declaration of function 'memcpy' [-Wimplicit-function-declaration]
  110 |     memcpy(&impl->vel_des, cmd_in, sizeof(impl->vel_des));
      |     ^~~~~~
../Middlewares/Third_Party/Agv/Control/src/pid.c:110:5: note: include '<string.h>' or provide a declaration of 'memcpy'
../Middlewares/Third_Party/Agv/Control/src/pid.c:110:5: warning: incompatible implicit declaration of built-in function 'memcpy' [-Wbuiltin-declaration-mismatch]
../Middlewares/Third_Party/Agv/Control/src/pid.c:110:5: note: include '<string.h>' or provide a declaration of 'memcpy'
../Middlewares/Third_Party/Agv/Control/src/pid.c: In function 'pid_set_curr_vel':
../Middlewares/Third_Party/Agv/Control/src/pid.c:122:5: warning: incompatible implicit declaration of built-in function 'memcpy' [-Wbuiltin-declaration-mismatch]
  122 |     memcpy(&impl->vel_curr, curr_vel, sizeof(impl->vel_curr));
      |     ^~~~~~
../Middlewares/Third_Party/Agv/Control/src/pid.c:122:5: note: include '<string.h>' or provide a declaration of 'memcpy'
arm-none-eabi-gcc -o "Motor_bridge.elf" @"objects.list"   -mcpu=cortex-m4 -T"C:\Users\liushaw\Desktop\STM32F407\Motor_bridge\STM32F407VGTX_FLASH.ld" --specs=nosys.specs -Wl,-Map="Motor_bridge.map" -Wl,--gc-sections -static --specs=nano.specs -mfpu=fpv4-sp-d16 -mfloat-abi=hard -mthumb -u _printf_float -u _scanf_float -Wl,--start-group -lc -lm -Wl,--end-group
Finished building target: Motor_bridge.elf
 
arm-none-eabi-size  Motor_bridge.elf 
arm-none-eabi-objdump -h -S Motor_bridge.elf  > "Motor_bridge.list"
   text	   data	    bss	    dec	    hex	filename
  79844	    472	  88256	 168572	  2927c	Motor_bridge.elf
Finished building: default.size.stdout
 
Finished building: Motor_bridge.list
 
10:40:59 **** Incremental Build of configuration Debug for project Motor_bridge ****
make -j18 all 
arm-none-eabi-gcc "../Middlewares/Third_Party/Agv/Control/src/pid.c" -mcpu=cortex-m4 -std=gnu11 -g3 -DDEBUG -DUSE_HAL_DRIVER -DSTM32F407xx -DSTM32_THREAD_SAFE_STRATEGY=5 -c -I../Core/Inc -I../Drivers/STM32F4xx_HAL_Driver/Inc -I../Drivers/STM32F4xx_HAL_Driver/Inc/Legacy -I../Middlewares/Third_Party/FreeRTOS/Source/include -I../Middlewares/Third_Party/FreeRTOS/Source/CMSIS_RTOS_V2 -I../Middlewares/Third_Party/FreeRTOS/Source/portable/GCC/ARM_CM4F -I../Drivers/CMSIS/Device/ST/STM32F4xx/Include -I../Drivers/CMSIS/Include -I../Core/ThreadSafe -I"C:/Users/liushaw/Desktop/STM32F407/Motor_bridge/Middlewares/Third_Party/Agv/Core/include" -I"C:/Users/liushaw/Desktop/STM32F407/Motor_bridge/Middlewares/Third_Party/Agv/Factory/include" -I"C:/Users/liushaw/Desktop/STM32F407/Motor_bridge/Middlewares/Third_Party/Agv/Communication_pack/include" -I"C:/Users/liushaw/Desktop/STM32F407/Motor_bridge/Middlewares/Third_Party/Agv/Host_communication/include" -I"C:/Users/liushaw/Desktop/STM32F407/Motor_bridge/Middlewares/Third_Party/Agv/Motors/include" -I"C:/Users/liushaw/Desktop/STM32F407/Motor_bridge/Middlewares/Third_Party/Agv/Control/include" -I"C:/Users/liushaw/Desktop/STM32F407/Motor_bridge/Middlewares/Third_Party/Agv/Kinematics/include" -O0 -ffunction-sections -fdata-sections -Wall -fstack-usage -fcyclomatic-complexity -MMD -MP -MF"Middlewares/Third_Party/Agv/Control/src/pid.d" -MT"Middlewares/Third_Party/Agv/Control/src/pid.o" --specs=nano.specs -mfpu=fpv4-sp-d16 -mfloat-abi=hard -mthumb -o "Middlewares/Third_Party/Agv/Control/src/pid.o"
../Middlewares/Third_Party/Agv/Control/src/pid.c: In function 'Ctrl_pid_create':
../Middlewares/Third_Party/Agv/Control/src/pid.c:64:5: warning: implicit declaration of function 'memset' [-Wimplicit-function-declaration]
   64 |     memset(&impl->vel_des, 0, sizeof(Twist2D));
      |     ^~~~~~
../Middlewares/Third_Party/Agv/Control/src/pid.c:12:1: note: include '<string.h>' or provide a declaration of 'memset'
   11 | #include "semphr.h"
  +++ |+#include <string.h>
   12 | 
../Middlewares/Third_Party/Agv/Control/src/pid.c:64:5: warning: incompatible implicit declaration of built-in function 'memset' [-Wbuiltin-declaration-mismatch]
   64 |     memset(&impl->vel_des, 0, sizeof(Twist2D));
      |     ^~~~~~
../Middlewares/Third_Party/Agv/Control/src/pid.c:64:5: note: include '<string.h>' or provide a declaration of 'memset'
../Middlewares/Third_Party/Agv/Control/src/pid.c:67:15: warning: assignment discards 'const' qualifier from pointer target type [-Wdiscarded-qualifiers]
   67 |     out->name = name;
      |               ^
../Middlewares/Third_Party/Agv/Control/src/pid.c: In function 'pid_set_des_vel':
../Middlewares/Third_Party/Agv/Control/src/pid.c:110:5: warning: implicit declaration of function 'memcpy' [-Wimplicit-function-declaration]
  110 |     memcpy(&impl->vel_des, cmd_in, sizeof(impl->vel_des));
      |     ^~~~~~
../Middlewares/Third_Party/Agv/Control/src/pid.c:110:5: note: include '<string.h>' or provide a declaration of 'memcpy'
../Middlewares/Third_Party/Agv/Control/src/pid.c:110:5: warning: incompatible implicit declaration of built-in function 'memcpy' [-Wbuiltin-declaration-mismatch]
../Middlewares/Third_Party/Agv/Control/src/pid.c:110:5: note: include '<string.h>' or provide a declaration of 'memcpy'
../Middlewares/Third_Party/Agv/Control/src/pid.c: In function 'pid_set_curr_vel':
../Middlewares/Third_Party/Agv/Control/src/pid.c:122:5: warning: incompatible implicit declaration of built-in function 'memcpy' [-Wbuiltin-declaration-mismatch]
  122 |     memcpy(&impl->vel_curr, curr_vel, sizeof(impl->vel_curr));
      |     ^~~~~~
../Middlewares/Third_Party/Agv/Control/src/pid.c:122:5: note: include '<string.h>' or provide a declaration of 'memcpy'
arm-none-eabi-gcc -o "Motor_bridge.elf" @"objects.list"   -mcpu=cortex-m4 -T"C:\Users\liushaw\Desktop\STM32F407\Motor_bridge\STM32F407VGTX_FLASH.ld" --specs=nosys.specs -Wl,-Map="Motor_bridge.map" -Wl,--gc-sections -static --specs=nano.specs -mfpu=fpv4-sp-d16 -mfloat-abi=hard -mthumb -u _printf_float -u _scanf_float -Wl,--start-group -lc -lm -Wl,--end-group
Finished building target: Motor_bridge.elf
 
arm-none-eabi-size  Motor_bridge.elf 
arm-none-eabi-objdump -h -S Motor_bridge.elf  > "Motor_bridge.list"
   text	   data	    bss	    dec	    hex	filename
  79828	    472	  88256	 168556	  2926c	Motor_bridge.elf
Finished building: default.size.stdout
 
Finished building: Motor_bridge.list
 
10:41:36 **** Incremental Build of configuration Debug for project Motor_bridge ****
make -j18 all 
arm-none-eabi-size  Motor_bridge.elf 
   text	   data	    bss	    dec	    hex	filename
  79828	    472	  88256	 168556	  2926c	Motor_bridge.elf
Finished building: default.size.stdout
 
10:41:58 **** Incremental Build of configuration Debug for project Motor_bridge ****
make -j18 all 
arm-none-eabi-size  Motor_bridge.elf 
   text	   data	    bss	    dec	    hex	filename
  79828	    472	  88256	 168556	  2926c	Motor_bridge.elf
Finished building: default.size.stdout
 
10:43:19 **** Incremental Build of configuration Debug for project Motor_bridge ****
make -j18 all 
arm-none-eabi-gcc "../Middlewares/Third_Party/Agv/Control/src/pid.c" -mcpu=cortex-m4 -std=gnu11 -g3 -DDEBUG -DUSE_HAL_DRIVER -DSTM32F407xx -DSTM32_THREAD_SAFE_STRATEGY=5 -c -I../Core/Inc -I../Drivers/STM32F4xx_HAL_Driver/Inc -I../Drivers/STM32F4xx_HAL_Driver/Inc/Legacy -I../Middlewares/Third_Party/FreeRTOS/Source/include -I../Middlewares/Third_Party/FreeRTOS/Source/CMSIS_RTOS_V2 -I../Middlewares/Third_Party/FreeRTOS/Source/portable/GCC/ARM_CM4F -I../Drivers/CMSIS/Device/ST/STM32F4xx/Include -I../Drivers/CMSIS/Include -I../Core/ThreadSafe -I"C:/Users/liushaw/Desktop/STM32F407/Motor_bridge/Middlewares/Third_Party/Agv/Core/include" -I"C:/Users/liushaw/Desktop/STM32F407/Motor_bridge/Middlewares/Third_Party/Agv/Factory/include" -I"C:/Users/liushaw/Desktop/STM32F407/Motor_bridge/Middlewares/Third_Party/Agv/Communication_pack/include" -I"C:/Users/liushaw/Desktop/STM32F407/Motor_bridge/Middlewares/Third_Party/Agv/Host_communication/include" -I"C:/Users/liushaw/Desktop/STM32F407/Motor_bridge/Middlewares/Third_Party/Agv/Motors/include" -I"C:/Users/liushaw/Desktop/STM32F407/Motor_bridge/Middlewares/Third_Party/Agv/Control/include" -I"C:/Users/liushaw/Desktop/STM32F407/Motor_bridge/Middlewares/Third_Party/Agv/Kinematics/include" -O0 -ffunction-sections -fdata-sections -Wall -fstack-usage -fcyclomatic-complexity -MMD -MP -MF"Middlewares/Third_Party/Agv/Control/src/pid.d" -MT"Middlewares/Third_Party/Agv/Control/src/pid.o" --specs=nano.specs -mfpu=fpv4-sp-d16 -mfloat-abi=hard -mthumb -o "Middlewares/Third_Party/Agv/Control/src/pid.o"
../Middlewares/Third_Party/Agv/Control/src/pid.c: In function 'Ctrl_pid_create':
../Middlewares/Third_Party/Agv/Control/src/pid.c:64:5: warning: implicit declaration of function 'memset' [-Wimplicit-function-declaration]
   64 |     memset(&impl->vel_des, 0, sizeof(Twist2D));
      |     ^~~~~~
../Middlewares/Third_Party/Agv/Control/src/pid.c:12:1: note: include '<string.h>' or provide a declaration of 'memset'
   11 | #include "semphr.h"
  +++ |+#include <string.h>
   12 | 
../Middlewares/Third_Party/Agv/Control/src/pid.c:64:5: warning: incompatible implicit declaration of built-in function 'memset' [-Wbuiltin-declaration-mismatch]
   64 |     memset(&impl->vel_des, 0, sizeof(Twist2D));
      |     ^~~~~~
../Middlewares/Third_Party/Agv/Control/src/pid.c:64:5: note: include '<string.h>' or provide a declaration of 'memset'
../Middlewares/Third_Party/Agv/Control/src/pid.c:67:15: warning: assignment discards 'const' qualifier from pointer target type [-Wdiscarded-qualifiers]
   67 |     out->name = name;
      |               ^
../Middlewares/Third_Party/Agv/Control/src/pid.c: In function 'pid_set_des_vel':
../Middlewares/Third_Party/Agv/Control/src/pid.c:110:5: warning: implicit declaration of function 'memcpy' [-Wimplicit-function-declaration]
  110 |     memcpy(&impl->vel_des, cmd_in, sizeof(impl->vel_des));
      |     ^~~~~~
../Middlewares/Third_Party/Agv/Control/src/pid.c:110:5: note: include '<string.h>' or provide a declaration of 'memcpy'
../Middlewares/Third_Party/Agv/Control/src/pid.c:110:5: warning: incompatible implicit declaration of built-in function 'memcpy' [-Wbuiltin-declaration-mismatch]
../Middlewares/Third_Party/Agv/Control/src/pid.c:110:5: note: include '<string.h>' or provide a declaration of 'memcpy'
../Middlewares/Third_Party/Agv/Control/src/pid.c: In function 'pid_set_curr_vel':
../Middlewares/Third_Party/Agv/Control/src/pid.c:122:5: warning: incompatible implicit declaration of built-in function 'memcpy' [-Wbuiltin-declaration-mismatch]
  122 |     memcpy(&impl->vel_curr, curr_vel, sizeof(impl->vel_curr));
      |     ^~~~~~
../Middlewares/Third_Party/Agv/Control/src/pid.c:122:5: note: include '<string.h>' or provide a declaration of 'memcpy'
arm-none-eabi-gcc -o "Motor_bridge.elf" @"objects.list"   -mcpu=cortex-m4 -T"C:\Users\liushaw\Desktop\STM32F407\Motor_bridge\STM32F407VGTX_FLASH.ld" --specs=nosys.specs -Wl,-Map="Motor_bridge.map" -Wl,--gc-sections -static --specs=nano.specs -mfpu=fpv4-sp-d16 -mfloat-abi=hard -mthumb -u _printf_float -u _scanf_float -Wl,--start-group -lc -lm -Wl,--end-group
Finished building target: Motor_bridge.elf
 
arm-none-eabi-size  Motor_bridge.elf 
arm-none-eabi-objdump -h -S Motor_bridge.elf  > "Motor_bridge.list"
   text	   data	    bss	    dec	    hex	filename
  79828	    472	  88256	 168556	  2926c	Motor_bridge.elf
Finished building: default.size.stdout
 
Finished building: Motor_bridge.list
 
10:46:46 **** Incremental Build of configuration Debug for project Motor_bridge ****
make -j18 all 
arm-none-eabi-gcc "../Middlewares/Third_Party/Agv/Control/src/pid.c" -mcpu=cortex-m4 -std=gnu11 -g3 -DDEBUG -DUSE_HAL_DRIVER -DSTM32F407xx -DSTM32_THREAD_SAFE_STRATEGY=5 -c -I../Core/Inc -I../Drivers/STM32F4xx_HAL_Driver/Inc -I../Drivers/STM32F4xx_HAL_Driver/Inc/Legacy -I../Middlewares/Third_Party/FreeRTOS/Source/include -I../Middlewares/Third_Party/FreeRTOS/Source/CMSIS_RTOS_V2 -I../Middlewares/Third_Party/FreeRTOS/Source/portable/GCC/ARM_CM4F -I../Drivers/CMSIS/Device/ST/STM32F4xx/Include -I../Drivers/CMSIS/Include -I../Core/ThreadSafe -I"C:/Users/liushaw/Desktop/STM32F407/Motor_bridge/Middlewares/Third_Party/Agv/Core/include" -I"C:/Users/liushaw/Desktop/STM32F407/Motor_bridge/Middlewares/Third_Party/Agv/Factory/include" -I"C:/Users/liushaw/Desktop/STM32F407/Motor_bridge/Middlewares/Third_Party/Agv/Communication_pack/include" -I"C:/Users/liushaw/Desktop/STM32F407/Motor_bridge/Middlewares/Third_Party/Agv/Host_communication/include" -I"C:/Users/liushaw/Desktop/STM32F407/Motor_bridge/Middlewares/Third_Party/Agv/Motors/include" -I"C:/Users/liushaw/Desktop/STM32F407/Motor_bridge/Middlewares/Third_Party/Agv/Control/include" -I"C:/Users/liushaw/Desktop/STM32F407/Motor_bridge/Middlewares/Third_Party/Agv/Kinematics/include" -O0 -ffunction-sections -fdata-sections -Wall -fstack-usage -fcyclomatic-complexity -MMD -MP -MF"Middlewares/Third_Party/Agv/Control/src/pid.d" -MT"Middlewares/Third_Party/Agv/Control/src/pid.o" --specs=nano.specs -mfpu=fpv4-sp-d16 -mfloat-abi=hard -mthumb -o "Middlewares/Third_Party/Agv/Control/src/pid.o"
../Middlewares/Third_Party/Agv/Control/src/pid.c: In function 'Ctrl_pid_create':
../Middlewares/Third_Party/Agv/Control/src/pid.c:64:5: warning: implicit declaration of function 'memset' [-Wimplicit-function-declaration]
   64 |     memset(&impl->vel_des, 0, sizeof(Twist2D));
      |     ^~~~~~
../Middlewares/Third_Party/Agv/Control/src/pid.c:12:1: note: include '<string.h>' or provide a declaration of 'memset'
   11 | #include "semphr.h"
  +++ |+#include <string.h>
   12 | 
../Middlewares/Third_Party/Agv/Control/src/pid.c:64:5: warning: incompatible implicit declaration of built-in function 'memset' [-Wbuiltin-declaration-mismatch]
   64 |     memset(&impl->vel_des, 0, sizeof(Twist2D));
      |     ^~~~~~
../Middlewares/Third_Party/Agv/Control/src/pid.c:64:5: note: include '<string.h>' or provide a declaration of 'memset'
../Middlewares/Third_Party/Agv/Control/src/pid.c:67:15: warning: assignment discards 'const' qualifier from pointer target type [-Wdiscarded-qualifiers]
   67 |     out->name = name;
      |               ^
../Middlewares/Third_Party/Agv/Control/src/pid.c: In function 'pid_set_des_vel':
../Middlewares/Third_Party/Agv/Control/src/pid.c:110:5: warning: implicit declaration of function 'memcpy' [-Wimplicit-function-declaration]
  110 |     memcpy(&impl->vel_des, cmd_in, sizeof(impl->vel_des));
      |     ^~~~~~
../Middlewares/Third_Party/Agv/Control/src/pid.c:110:5: note: include '<string.h>' or provide a declaration of 'memcpy'
../Middlewares/Third_Party/Agv/Control/src/pid.c:110:5: warning: incompatible implicit declaration of built-in function 'memcpy' [-Wbuiltin-declaration-mismatch]
../Middlewares/Third_Party/Agv/Control/src/pid.c:110:5: note: include '<string.h>' or provide a declaration of 'memcpy'
../Middlewares/Third_Party/Agv/Control/src/pid.c: In function 'pid_set_curr_vel':
../Middlewares/Third_Party/Agv/Control/src/pid.c:122:5: warning: incompatible implicit declaration of built-in function 'memcpy' [-Wbuiltin-declaration-mismatch]
  122 |     memcpy(&impl->vel_curr, curr_vel, sizeof(impl->vel_curr));
      |     ^~~~~~
../Middlewares/Third_Party/Agv/Control/src/pid.c:122:5: note: include '<string.h>' or provide a declaration of 'memcpy'
arm-none-eabi-gcc -o "Motor_bridge.elf" @"objects.list"   -mcpu=cortex-m4 -T"C:\Users\liushaw\Desktop\STM32F407\Motor_bridge\STM32F407VGTX_FLASH.ld" --specs=nosys.specs -Wl,-Map="Motor_bridge.map" -Wl,--gc-sections -static --specs=nano.specs -mfpu=fpv4-sp-d16 -mfloat-abi=hard -mthumb -u _printf_float -u _scanf_float -Wl,--start-group -lc -lm -Wl,--end-group
Finished building target: Motor_bridge.elf
 
arm-none-eabi-size  Motor_bridge.elf 
arm-none-eabi-objdump -h -S Motor_bridge.elf  > "Motor_bridge.list"
   text	   data	    bss	    dec	    hex	filename
  79876	    472	  88256	 168604	  2929c	Motor_bridge.elf
Finished building: default.size.stdout
 
Finished building: Motor_bridge.list
 
10:47:12 **** Incremental Build of configuration Debug for project Motor_bridge ****
make -j18 all 
arm-none-eabi-gcc "../Middlewares/Third_Party/Agv/Control/src/pid.c" -mcpu=cortex-m4 -std=gnu11 -g3 -DDEBUG -DUSE_HAL_DRIVER -DSTM32F407xx -DSTM32_THREAD_SAFE_STRATEGY=5 -c -I../Core/Inc -I../Drivers/STM32F4xx_HAL_Driver/Inc -I../Drivers/STM32F4xx_HAL_Driver/Inc/Legacy -I../Middlewares/Third_Party/FreeRTOS/Source/include -I../Middlewares/Third_Party/FreeRTOS/Source/CMSIS_RTOS_V2 -I../Middlewares/Third_Party/FreeRTOS/Source/portable/GCC/ARM_CM4F -I../Drivers/CMSIS/Device/ST/STM32F4xx/Include -I../Drivers/CMSIS/Include -I../Core/ThreadSafe -I"C:/Users/liushaw/Desktop/STM32F407/Motor_bridge/Middlewares/Third_Party/Agv/Core/include" -I"C:/Users/liushaw/Desktop/STM32F407/Motor_bridge/Middlewares/Third_Party/Agv/Factory/include" -I"C:/Users/liushaw/Desktop/STM32F407/Motor_bridge/Middlewares/Third_Party/Agv/Communication_pack/include" -I"C:/Users/liushaw/Desktop/STM32F407/Motor_bridge/Middlewares/Third_Party/Agv/Host_communication/include" -I"C:/Users/liushaw/Desktop/STM32F407/Motor_bridge/Middlewares/Third_Party/Agv/Motors/include" -I"C:/Users/liushaw/Desktop/STM32F407/Motor_bridge/Middlewares/Third_Party/Agv/Control/include" -I"C:/Users/liushaw/Desktop/STM32F407/Motor_bridge/Middlewares/Third_Party/Agv/Kinematics/include" -O0 -ffunction-sections -fdata-sections -Wall -fstack-usage -fcyclomatic-complexity -MMD -MP -MF"Middlewares/Third_Party/Agv/Control/src/pid.d" -MT"Middlewares/Third_Party/Agv/Control/src/pid.o" --specs=nano.specs -mfpu=fpv4-sp-d16 -mfloat-abi=hard -mthumb -o "Middlewares/Third_Party/Agv/Control/src/pid.o"
../Middlewares/Third_Party/Agv/Control/src/pid.c: In function 'Ctrl_pid_create':
../Middlewares/Third_Party/Agv/Control/src/pid.c:64:5: warning: implicit declaration of function 'memset' [-Wimplicit-function-declaration]
   64 |     memset(&impl->vel_des, 0, sizeof(Twist2D));
      |     ^~~~~~
../Middlewares/Third_Party/Agv/Control/src/pid.c:12:1: note: include '<string.h>' or provide a declaration of 'memset'
   11 | #include "semphr.h"
  +++ |+#include <string.h>
   12 | 
../Middlewares/Third_Party/Agv/Control/src/pid.c:64:5: warning: incompatible implicit declaration of built-in function 'memset' [-Wbuiltin-declaration-mismatch]
   64 |     memset(&impl->vel_des, 0, sizeof(Twist2D));
      |     ^~~~~~
../Middlewares/Third_Party/Agv/Control/src/pid.c:64:5: note: include '<string.h>' or provide a declaration of 'memset'
../Middlewares/Third_Party/Agv/Control/src/pid.c:67:15: warning: assignment discards 'const' qualifier from pointer target type [-Wdiscarded-qualifiers]
   67 |     out->name = name;
      |               ^
../Middlewares/Third_Party/Agv/Control/src/pid.c: In function 'pid_set_des_vel':
../Middlewares/Third_Party/Agv/Control/src/pid.c:110:5: warning: implicit declaration of function 'memcpy' [-Wimplicit-function-declaration]
  110 |     memcpy(&impl->vel_des, cmd_in, sizeof(impl->vel_des));
      |     ^~~~~~
../Middlewares/Third_Party/Agv/Control/src/pid.c:110:5: note: include '<string.h>' or provide a declaration of 'memcpy'
../Middlewares/Third_Party/Agv/Control/src/pid.c:110:5: warning: incompatible implicit declaration of built-in function 'memcpy' [-Wbuiltin-declaration-mismatch]
../Middlewares/Third_Party/Agv/Control/src/pid.c:110:5: note: include '<string.h>' or provide a declaration of 'memcpy'
../Middlewares/Third_Party/Agv/Control/src/pid.c: In function 'pid_set_curr_vel':
../Middlewares/Third_Party/Agv/Control/src/pid.c:122:5: warning: incompatible implicit declaration of built-in function 'memcpy' [-Wbuiltin-declaration-mismatch]
  122 |     memcpy(&impl->vel_curr, curr_vel, sizeof(impl->vel_curr));
      |     ^~~~~~
../Middlewares/Third_Party/Agv/Control/src/pid.c:122:5: note: include '<string.h>' or provide a declaration of 'memcpy'
arm-none-eabi-gcc -o "Motor_bridge.elf" @"objects.list"   -mcpu=cortex-m4 -T"C:\Users\liushaw\Desktop\STM32F407\Motor_bridge\STM32F407VGTX_FLASH.ld" --specs=nosys.specs -Wl,-Map="Motor_bridge.map" -Wl,--gc-sections -static --specs=nano.specs -mfpu=fpv4-sp-d16 -mfloat-abi=hard -mthumb -u _printf_float -u _scanf_float -Wl,--start-group -lc -lm -Wl,--end-group
Finished building target: Motor_bridge.elf
 
arm-none-eabi-size  Motor_bridge.elf 
arm-none-eabi-objdump -h -S Motor_bridge.elf  > "Motor_bridge.list"
   text	   data	    bss	    dec	    hex	filename
  79876	    472	  88256	 168604	  2929c	Motor_bridge.elf
Finished building: default.size.stdout
 
Finished building: Motor_bridge.list
 
10:59:36 **** Incremental Build of configuration Debug for project Motor_bridge ****
make -j18 all 
arm-none-eabi-gcc "../Middlewares/Third_Party/Agv/Factory/src/agv_factory.c" -mcpu=cortex-m4 -std=gnu11 -g3 -DDEBUG -DUSE_HAL_DRIVER -DSTM32F407xx -DSTM32_THREAD_SAFE_STRATEGY=5 -c -I../Core/Inc -I../Drivers/STM32F4xx_HAL_Driver/Inc -I../Drivers/STM32F4xx_HAL_Driver/Inc/Legacy -I../Middlewares/Third_Party/FreeRTOS/Source/include -I../Middlewares/Third_Party/FreeRTOS/Source/CMSIS_RTOS_V2 -I../Middlewares/Third_Party/FreeRTOS/Source/portable/GCC/ARM_CM4F -I../Drivers/CMSIS/Device/ST/STM32F4xx/Include -I../Drivers/CMSIS/Include -I../Core/ThreadSafe -I"C:/Users/liushaw/Desktop/STM32F407/Motor_bridge/Middlewares/Third_Party/Agv/Core/include" -I"C:/Users/liushaw/Desktop/STM32F407/Motor_bridge/Middlewares/Third_Party/Agv/Factory/include" -I"C:/Users/liushaw/Desktop/STM32F407/Motor_bridge/Middlewares/Third_Party/Agv/Communication_pack/include" -I"C:/Users/liushaw/Desktop/STM32F407/Motor_bridge/Middlewares/Third_Party/Agv/Host_communication/include" -I"C:/Users/liushaw/Desktop/STM32F407/Motor_bridge/Middlewares/Third_Party/Agv/Motors/include" -I"C:/Users/liushaw/Desktop/STM32F407/Motor_bridge/Middlewares/Third_Party/Agv/Control/include" -I"C:/Users/liushaw/Desktop/STM32F407/Motor_bridge/Middlewares/Third_Party/Agv/Kinematics/include" -O0 -ffunction-sections -fdata-sections -Wall -fstack-usage -fcyclomatic-complexity -MMD -MP -MF"Middlewares/Third_Party/Agv/Factory/src/agv_factory.d" -MT"Middlewares/Third_Party/Agv/Factory/src/agv_factory.o" --specs=nano.specs -mfpu=fpv4-sp-d16 -mfloat-abi=hard -mthumb -o "Middlewares/Third_Party/Agv/Factory/src/agv_factory.o"
arm-none-eabi-gcc "../Middlewares/Third_Party/Agv/Control/src/passthrough.c" -mcpu=cortex-m4 -std=gnu11 -g3 -DDEBUG -DUSE_HAL_DRIVER -DSTM32F407xx -DSTM32_THREAD_SAFE_STRATEGY=5 -c -I../Core/Inc -I../Drivers/STM32F4xx_HAL_Driver/Inc -I../Drivers/STM32F4xx_HAL_Driver/Inc/Legacy -I../Middlewares/Third_Party/FreeRTOS/Source/include -I../Middlewares/Third_Party/FreeRTOS/Source/CMSIS_RTOS_V2 -I../Middlewares/Third_Party/FreeRTOS/Source/portable/GCC/ARM_CM4F -I../Drivers/CMSIS/Device/ST/STM32F4xx/Include -I../Drivers/CMSIS/Include -I../Core/ThreadSafe -I"C:/Users/liushaw/Desktop/STM32F407/Motor_bridge/Middlewares/Third_Party/Agv/Core/include" -I"C:/Users/liushaw/Desktop/STM32F407/Motor_bridge/Middlewares/Third_Party/Agv/Factory/include" -I"C:/Users/liushaw/Desktop/STM32F407/Motor_bridge/Middlewares/Third_Party/Agv/Communication_pack/include" -I"C:/Users/liushaw/Desktop/STM32F407/Motor_bridge/Middlewares/Third_Party/Agv/Host_communication/include" -I"C:/Users/liushaw/Desktop/STM32F407/Motor_bridge/Middlewares/Third_Party/Agv/Motors/include" -I"C:/Users/liushaw/Desktop/STM32F407/Motor_bridge/Middlewares/Third_Party/Agv/Control/include" -I"C:/Users/liushaw/Desktop/STM32F407/Motor_bridge/Middlewares/Third_Party/Agv/Kinematics/include" -O0 -ffunction-sections -fdata-sections -Wall -fstack-usage -fcyclomatic-complexity -MMD -MP -MF"Middlewares/Third_Party/Agv/Control/src/passthrough.d" -MT"Middlewares/Third_Party/Agv/Control/src/passthrough.o" --specs=nano.specs -mfpu=fpv4-sp-d16 -mfloat-abi=hard -mthumb -o "Middlewares/Third_Party/Agv/Control/src/passthrough.o"
arm-none-eabi-gcc "../Middlewares/Third_Party/Agv/Control/src/pid.c" -mcpu=cortex-m4 -std=gnu11 -g3 -DDEBUG -DUSE_HAL_DRIVER -DSTM32F407xx -DSTM32_THREAD_SAFE_STRATEGY=5 -c -I../Core/Inc -I../Drivers/STM32F4xx_HAL_Driver/Inc -I../Drivers/STM32F4xx_HAL_Driver/Inc/Legacy -I../Middlewares/Third_Party/FreeRTOS/Source/include -I../Middlewares/Third_Party/FreeRTOS/Source/CMSIS_RTOS_V2 -I../Middlewares/Third_Party/FreeRTOS/Source/portable/GCC/ARM_CM4F -I../Drivers/CMSIS/Device/ST/STM32F4xx/Include -I../Drivers/CMSIS/Include -I../Core/ThreadSafe -I"C:/Users/liushaw/Desktop/STM32F407/Motor_bridge/Middlewares/Third_Party/Agv/Core/include" -I"C:/Users/liushaw/Desktop/STM32F407/Motor_bridge/Middlewares/Third_Party/Agv/Factory/include" -I"C:/Users/liushaw/Desktop/STM32F407/Motor_bridge/Middlewares/Third_Party/Agv/Communication_pack/include" -I"C:/Users/liushaw/Desktop/STM32F407/Motor_bridge/Middlewares/Third_Party/Agv/Host_communication/include" -I"C:/Users/liushaw/Desktop/STM32F407/Motor_bridge/Middlewares/Third_Party/Agv/Motors/include" -I"C:/Users/liushaw/Desktop/STM32F407/Motor_bridge/Middlewares/Third_Party/Agv/Control/include" -I"C:/Users/liushaw/Desktop/STM32F407/Motor_bridge/Middlewares/Third_Party/Agv/Kinematics/include" -O0 -ffunction-sections -fdata-sections -Wall -fstack-usage -fcyclomatic-complexity -MMD -MP -MF"Middlewares/Third_Party/Agv/Control/src/pid.d" -MT"Middlewares/Third_Party/Agv/Control/src/pid.o" --specs=nano.specs -mfpu=fpv4-sp-d16 -mfloat-abi=hard -mthumb -o "Middlewares/Third_Party/Agv/Control/src/pid.o"
arm-none-eabi-gcc "../Core/Src/agv_app.c" -mcpu=cortex-m4 -std=gnu11 -g3 -DDEBUG -DUSE_HAL_DRIVER -DSTM32F407xx -DSTM32_THREAD_SAFE_STRATEGY=5 -c -I../Core/Inc -I../Drivers/STM32F4xx_HAL_Driver/Inc -I../Drivers/STM32F4xx_HAL_Driver/Inc/Legacy -I../Middlewares/Third_Party/FreeRTOS/Source/include -I../Middlewares/Third_Party/FreeRTOS/Source/CMSIS_RTOS_V2 -I../Middlewares/Third_Party/FreeRTOS/Source/portable/GCC/ARM_CM4F -I../Drivers/CMSIS/Device/ST/STM32F4xx/Include -I../Drivers/CMSIS/Include -I../Core/ThreadSafe -I"C:/Users/liushaw/Desktop/STM32F407/Motor_bridge/Middlewares/Third_Party/Agv/Core/include" -I"C:/Users/liushaw/Desktop/STM32F407/Motor_bridge/Middlewares/Third_Party/Agv/Factory/include" -I"C:/Users/liushaw/Desktop/STM32F407/Motor_bridge/Middlewares/Third_Party/Agv/Communication_pack/include" -I"C:/Users/liushaw/Desktop/STM32F407/Motor_bridge/Middlewares/Third_Party/Agv/Host_communication/include" -I"C:/Users/liushaw/Desktop/STM32F407/Motor_bridge/Middlewares/Third_Party/Agv/Motors/include" -I"C:/Users/liushaw/Desktop/STM32F407/Motor_bridge/Middlewares/Third_Party/Agv/Control/include" -I"C:/Users/liushaw/Desktop/STM32F407/Motor_bridge/Middlewares/Third_Party/Agv/Kinematics/include" -O0 -ffunction-sections -fdata-sections -Wall -fstack-usage -fcyclomatic-complexity -MMD -MP -MF"Core/Src/agv_app.d" -MT"Core/Src/agv_app.o" --specs=nano.specs -mfpu=fpv4-sp-d16 -mfloat-abi=hard -mthumb -o "Core/Src/agv_app.o"
arm-none-eabi-gcc "../Core/Src/freertos.c" -mcpu=cortex-m4 -std=gnu11 -g3 -DDEBUG -DUSE_HAL_DRIVER -DSTM32F407xx -DSTM32_THREAD_SAFE_STRATEGY=5 -c -I../Core/Inc -I../Drivers/STM32F4xx_HAL_Driver/Inc -I../Drivers/STM32F4xx_HAL_Driver/Inc/Legacy -I../Middlewares/Third_Party/FreeRTOS/Source/include -I../Middlewares/Third_Party/FreeRTOS/Source/CMSIS_RTOS_V2 -I../Middlewares/Third_Party/FreeRTOS/Source/portable/GCC/ARM_CM4F -I../Drivers/CMSIS/Device/ST/STM32F4xx/Include -I../Drivers/CMSIS/Include -I../Core/ThreadSafe -I"C:/Users/liushaw/Desktop/STM32F407/Motor_bridge/Middlewares/Third_Party/Agv/Core/include" -I"C:/Users/liushaw/Desktop/STM32F407/Motor_bridge/Middlewares/Third_Party/Agv/Factory/include" -I"C:/Users/liushaw/Desktop/STM32F407/Motor_bridge/Middlewares/Third_Party/Agv/Communication_pack/include" -I"C:/Users/liushaw/Desktop/STM32F407/Motor_bridge/Middlewares/Third_Party/Agv/Host_communication/include" -I"C:/Users/liushaw/Desktop/STM32F407/Motor_bridge/Middlewares/Third_Party/Agv/Motors/include" -I"C:/Users/liushaw/Desktop/STM32F407/Motor_bridge/Middlewares/Third_Party/Agv/Control/include" -I"C:/Users/liushaw/Desktop/STM32F407/Motor_bridge/Middlewares/Third_Party/Agv/Kinematics/include" -O0 -ffunction-sections -fdata-sections -Wall -fstack-usage -fcyclomatic-complexity -MMD -MP -MF"Core/Src/freertos.d" -MT"Core/Src/freertos.o" --specs=nano.specs -mfpu=fpv4-sp-d16 -mfloat-abi=hard -mthumb -o "Core/Src/freertos.o"
arm-none-eabi-gcc "../Core/Src/main.c" -mcpu=cortex-m4 -std=gnu11 -g3 -DDEBUG -DUSE_HAL_DRIVER -DSTM32F407xx -DSTM32_THREAD_SAFE_STRATEGY=5 -c -I../Core/Inc -I../Drivers/STM32F4xx_HAL_Driver/Inc -I../Drivers/STM32F4xx_HAL_Driver/Inc/Legacy -I../Middlewares/Third_Party/FreeRTOS/Source/include -I../Middlewares/Third_Party/FreeRTOS/Source/CMSIS_RTOS_V2 -I../Middlewares/Third_Party/FreeRTOS/Source/portable/GCC/ARM_CM4F -I../Drivers/CMSIS/Device/ST/STM32F4xx/Include -I../Drivers/CMSIS/Include -I../Core/ThreadSafe -I"C:/Users/liushaw/Desktop/STM32F407/Motor_bridge/Middlewares/Third_Party/Agv/Core/include" -I"C:/Users/liushaw/Desktop/STM32F407/Motor_bridge/Middlewares/Third_Party/Agv/Factory/include" -I"C:/Users/liushaw/Desktop/STM32F407/Motor_bridge/Middlewares/Third_Party/Agv/Communication_pack/include" -I"C:/Users/liushaw/Desktop/STM32F407/Motor_bridge/Middlewares/Third_Party/Agv/Host_communication/include" -I"C:/Users/liushaw/Desktop/STM32F407/Motor_bridge/Middlewares/Third_Party/Agv/Motors/include" -I"C:/Users/liushaw/Desktop/STM32F407/Motor_bridge/Middlewares/Third_Party/Agv/Control/include" -I"C:/Users/liushaw/Desktop/STM32F407/Motor_bridge/Middlewares/Third_Party/Agv/Kinematics/include" -O0 -ffunction-sections -fdata-sections -Wall -fstack-usage -fcyclomatic-complexity -MMD -MP -MF"Core/Src/main.d" -MT"Core/Src/main.o" --specs=nano.specs -mfpu=fpv4-sp-d16 -mfloat-abi=hard -mthumb -o "Core/Src/main.o"
../Middlewares/Third_Party/Agv/Control/src/passthrough.c: In function 'passthrough_set_des_vel':
../Middlewares/Third_Party/Agv/Control/src/passthrough.c:103:5: warning: implicit declaration of function 'memcpy' [-Wimplicit-function-declaration]
  103 |     memcpy(&impl->vel_des, cmd_in, sizeof(impl->vel_des));
      |     ^~~~~~
../Middlewares/Third_Party/Agv/Control/src/passthrough.c:10:1: note: include '<string.h>' or provide a declaration of 'memcpy'
    9 | #include "semphr.h"
  +++ |+#include <string.h>
   10 | 
../Middlewares/Third_Party/Agv/Control/src/passthrough.c:103:5: warning: incompatible implicit declaration of built-in function 'memcpy' [-Wbuiltin-declaration-mismatch]
  103 |     memcpy(&impl->vel_des, cmd_in, sizeof(impl->vel_des));
      |     ^~~~~~
../Middlewares/Third_Party/Agv/Control/src/passthrough.c:103:5: note: include '<string.h>' or provide a declaration of 'memcpy'
../Middlewares/Third_Party/Agv/Control/src/passthrough.c: In function 'passthrough_set_curr_vel':
../Middlewares/Third_Party/Agv/Control/src/passthrough.c:116:5: warning: incompatible implicit declaration of built-in function 'memcpy' [-Wbuiltin-declaration-mismatch]
  116 |     memcpy(&impl->vel_curr, curr_vel, sizeof(impl->vel_curr));
      |     ^~~~~~
../Middlewares/Third_Party/Agv/Control/src/passthrough.c:116:5: note: include '<string.h>' or provide a declaration of 'memcpy'
../Middlewares/Third_Party/Agv/Control/src/passthrough.c: In function 'passthrough_get_ctrl_cmd':
../Middlewares/Third_Party/Agv/Control/src/passthrough.c:129:5: warning: incompatible implicit declaration of built-in function 'memcpy' [-Wbuiltin-declaration-mismatch]
  129 |     memcpy(&cmd_curr, &impl->vel_des, sizeof(impl->vel_des));
      |     ^~~~~~
../Middlewares/Third_Party/Agv/Control/src/passthrough.c:129:5: note: include '<string.h>' or provide a declaration of 'memcpy'
../Middlewares/Third_Party/Agv/Control/src/pid.c: In function 'Ctrl_pid_create':
../Middlewares/Third_Party/Agv/Control/src/pid.c:69:5: warning: implicit declaration of function 'memset' [-Wimplicit-function-declaration]
   69 |     memset(&impl->vel_des, 0, sizeof(Twist2D));
      |     ^~~~~~
../Middlewares/Third_Party/Agv/Control/src/pid.c:12:1: note: include '<string.h>' or provide a declaration of 'memset'
   11 | #include "semphr.h"
  +++ |+#include <string.h>
   12 | 
../Middlewares/Third_Party/Agv/Control/src/pid.c:69:5: warning: incompatible implicit declaration of built-in function 'memset' [-Wbuiltin-declaration-mismatch]
   69 |     memset(&impl->vel_des, 0, sizeof(Twist2D));
      |     ^~~~~~
../Middlewares/Third_Party/Agv/Control/src/pid.c:69:5: note: include '<string.h>' or provide a declaration of 'memset'
../Middlewares/Third_Party/Agv/Control/src/pid.c:72:15: warning: assignment discards 'const' qualifier from pointer target type [-Wdiscarded-qualifiers]
   72 |     out->name = name;
      |               ^
../Middlewares/Third_Party/Agv/Control/src/pid.c: In function 'pid_set_des_vel':
../Middlewares/Third_Party/Agv/Control/src/pid.c:115:5: warning: implicit declaration of function 'memcpy' [-Wimplicit-function-declaration]
  115 |     memcpy(&impl->vel_des, cmd_in, sizeof(impl->vel_des));
      |     ^~~~~~
../Middlewares/Third_Party/Agv/Control/src/pid.c:115:5: note: include '<string.h>' or provide a declaration of 'memcpy'
../Middlewares/Third_Party/Agv/Control/src/pid.c:115:5: warning: incompatible implicit declaration of built-in function 'memcpy' [-Wbuiltin-declaration-mismatch]
../Middlewares/Third_Party/Agv/Control/src/pid.c:115:5: note: include '<string.h>' or provide a declaration of 'memcpy'
../Middlewares/Third_Party/Agv/Control/src/pid.c: In function 'pid_set_curr_vel':
../Middlewares/Third_Party/Agv/Control/src/pid.c:127:5: warning: incompatible implicit declaration of built-in function 'memcpy' [-Wbuiltin-declaration-mismatch]
  127 |     memcpy(&impl->vel_curr, curr_vel, sizeof(impl->vel_curr));
      |     ^~~~~~
../Middlewares/Third_Party/Agv/Control/src/pid.c:127:5: note: include '<string.h>' or provide a declaration of 'memcpy'
../Middlewares/Third_Party/Agv/Control/src/pid.c: In function 'pid_get_ctrl_cmd':
../Middlewares/Third_Party/Agv/Control/src/pid.c:152:20: warning: left-hand operand of comma expression has no effect [-Wunused-value]
  152 |     cmd.x = (curr.x, des.x, dt, cfg->kp_lin, cfg->ki_lin, cfg->kd_lin,
      |                    ^
../Middlewares/Third_Party/Agv/Control/src/pid.c:152:27: warning: left-hand operand of comma expression has no effect [-Wunused-value]
  152 |     cmd.x = (curr.x, des.x, dt, cfg->kp_lin, cfg->ki_lin, cfg->kd_lin,
      |                           ^
../Middlewares/Third_Party/Agv/Control/src/pid.c:152:31: warning: left-hand operand of comma expression has no effect [-Wunused-value]
  152 |     cmd.x = (curr.x, des.x, dt, cfg->kp_lin, cfg->ki_lin, cfg->kd_lin,
      |                               ^
../Middlewares/Third_Party/Agv/Control/src/pid.c:152:44: warning: left-hand operand of comma expression has no effect [-Wunused-value]
  152 |     cmd.x = (curr.x, des.x, dt, cfg->kp_lin, cfg->ki_lin, cfg->kd_lin,
      |                                            ^
../Middlewares/Third_Party/Agv/Control/src/pid.c:152:57: warning: left-hand operand of comma expression has no effect [-Wunused-value]
  152 |     cmd.x = (curr.x, des.x, dt, cfg->kp_lin, cfg->ki_lin, cfg->kd_lin,
      |                                                         ^
../Middlewares/Third_Party/Agv/Control/src/pid.c:152:70: warning: left-hand operand of comma expression has no effect [-Wunused-value]
  152 |     cmd.x = (curr.x, des.x, dt, cfg->kp_lin, cfg->ki_lin, cfg->kd_lin,
      |                                                                      ^
../Middlewares/Third_Party/Agv/Control/src/pid.c:154:20: warning: left-hand operand of comma expression has no effect [-Wunused-value]
  154 |     cmd.y = (curr.y, des.y, dt, cfg->kp_lin, cfg->ki_lin, cfg->kd_lin,
      |                    ^
../Middlewares/Third_Party/Agv/Control/src/pid.c:154:27: warning: left-hand operand of comma expression has no effect [-Wunused-value]
  154 |     cmd.y = (curr.y, des.y, dt, cfg->kp_lin, cfg->ki_lin, cfg->kd_lin,
      |                           ^
../Middlewares/Third_Party/Agv/Control/src/pid.c:154:31: warning: left-hand operand of comma expression has no effect [-Wunused-value]
  154 |     cmd.y = (curr.y, des.y, dt, cfg->kp_lin, cfg->ki_lin, cfg->kd_lin,
      |                               ^
../Middlewares/Third_Party/Agv/Control/src/pid.c:154:44: warning: left-hand operand of comma expression has no effect [-Wunused-value]
  154 |     cmd.y = (curr.y, des.y, dt, cfg->kp_lin, cfg->ki_lin, cfg->kd_lin,
      |                                            ^
../Middlewares/Third_Party/Agv/Control/src/pid.c:154:57: warning: left-hand operand of comma expression has no effect [-Wunused-value]
  154 |     cmd.y = (curr.y, des.y, dt, cfg->kp_lin, cfg->ki_lin, cfg->kd_lin,
      |                                                         ^
../Middlewares/Third_Party/Agv/Control/src/pid.c:154:70: warning: left-hand operand of comma expression has no effect [-Wunused-value]
  154 |     cmd.y = (curr.y, des.y, dt, cfg->kp_lin, cfg->ki_lin, cfg->kd_lin,
      |                                                                      ^
../Middlewares/Third_Party/Agv/Control/src/pid.c:156:24: warning: left-hand operand of comma expression has no effect [-Wunused-value]
  156 |     cmd.yaw = (curr.yaw, des.yaw, dt, cfg->kp_yaw, cfg->ki_yaw, cfg->kd_yaw,
      |                        ^
../Middlewares/Third_Party/Agv/Control/src/pid.c:156:33: warning: left-hand operand of comma expression has no effect [-Wunused-value]
  156 |     cmd.yaw = (curr.yaw, des.yaw, dt, cfg->kp_yaw, cfg->ki_yaw, cfg->kd_yaw,
      |                                 ^
../Middlewares/Third_Party/Agv/Control/src/pid.c:156:37: warning: left-hand operand of comma expression has no effect [-Wunused-value]
  156 |     cmd.yaw = (curr.yaw, des.yaw, dt, cfg->kp_yaw, cfg->ki_yaw, cfg->kd_yaw,
      |                                     ^
../Middlewares/Third_Party/Agv/Control/src/pid.c:156:50: warning: left-hand operand of comma expression has no effect [-Wunused-value]
  156 |     cmd.yaw = (curr.yaw, des.yaw, dt, cfg->kp_yaw, cfg->ki_yaw, cfg->kd_yaw,
      |                                                  ^
../Middlewares/Third_Party/Agv/Control/src/pid.c:156:63: warning: left-hand operand of comma expression has no effect [-Wunused-value]
  156 |     cmd.yaw = (curr.yaw, des.yaw, dt, cfg->kp_yaw, cfg->ki_yaw, cfg->kd_yaw,
      |                                                               ^
../Middlewares/Third_Party/Agv/Control/src/pid.c:156:76: warning: left-hand operand of comma expression has no effect [-Wunused-value]
  156 |     cmd.yaw = (curr.yaw, des.yaw, dt, cfg->kp_yaw, cfg->ki_yaw, cfg->kd_yaw,
      |                                                                            ^
../Core/Src/freertos.c: In function 'AgvHeartbeatTask':
../Core/Src/freertos.c:202:9: warning: variable 'code' set but not used [-Wunused-but-set-variable]
  202 |     int code = AGV_OK;
      |         ^~~~
../Core/Src/freertos.c: In function 'AgvHostMsgCallbackTask':
../Core/Src/freertos.c:232:13: warning: unused variable 'code' [-Wunused-variable]
  232 |         int code = AgvCore_step_on_host_msg(s_agv_core);
      |             ^~~~
arm-none-eabi-gcc -o "Motor_bridge.elf" @"objects.list"   -mcpu=cortex-m4 -T"C:\Users\liushaw\Desktop\STM32F407\Motor_bridge\STM32F407VGTX_FLASH.ld" --specs=nosys.specs -Wl,-Map="Motor_bridge.map" -Wl,--gc-sections -static --specs=nano.specs -mfpu=fpv4-sp-d16 -mfloat-abi=hard -mthumb -u _printf_float -u _scanf_float -Wl,--start-group -lc -lm -Wl,--end-group
Finished building target: Motor_bridge.elf
 
arm-none-eabi-size  Motor_bridge.elf 
arm-none-eabi-objdump -h -S Motor_bridge.elf  > "Motor_bridge.list"
   text	   data	    bss	    dec	    hex	filename
  79636	    472	  88256	 168364	  291ac	Motor_bridge.elf
Finished building: default.size.stdout
 
Finished building: Motor_bridge.list
 
11:01:39 **** Incremental Build of configuration Debug for project Motor_bridge ****
make -j18 all 
arm-none-eabi-gcc "../Middlewares/Third_Party/Agv/Control/src/pid.c" -mcpu=cortex-m4 -std=gnu11 -g3 -DDEBUG -DUSE_HAL_DRIVER -DSTM32F407xx -DSTM32_THREAD_SAFE_STRATEGY=5 -c -I../Core/Inc -I../Drivers/STM32F4xx_HAL_Driver/Inc -I../Drivers/STM32F4xx_HAL_Driver/Inc/Legacy -I../Middlewares/Third_Party/FreeRTOS/Source/include -I../Middlewares/Third_Party/FreeRTOS/Source/CMSIS_RTOS_V2 -I../Middlewares/Third_Party/FreeRTOS/Source/portable/GCC/ARM_CM4F -I../Drivers/CMSIS/Device/ST/STM32F4xx/Include -I../Drivers/CMSIS/Include -I../Core/ThreadSafe -I"C:/Users/liushaw/Desktop/STM32F407/Motor_bridge/Middlewares/Third_Party/Agv/Core/include" -I"C:/Users/liushaw/Desktop/STM32F407/Motor_bridge/Middlewares/Third_Party/Agv/Factory/include" -I"C:/Users/liushaw/Desktop/STM32F407/Motor_bridge/Middlewares/Third_Party/Agv/Communication_pack/include" -I"C:/Users/liushaw/Desktop/STM32F407/Motor_bridge/Middlewares/Third_Party/Agv/Host_communication/include" -I"C:/Users/liushaw/Desktop/STM32F407/Motor_bridge/Middlewares/Third_Party/Agv/Motors/include" -I"C:/Users/liushaw/Desktop/STM32F407/Motor_bridge/Middlewares/Third_Party/Agv/Control/include" -I"C:/Users/liushaw/Desktop/STM32F407/Motor_bridge/Middlewares/Third_Party/Agv/Kinematics/include" -O0 -ffunction-sections -fdata-sections -Wall -fstack-usage -fcyclomatic-complexity -MMD -MP -MF"Middlewares/Third_Party/Agv/Control/src/pid.d" -MT"Middlewares/Third_Party/Agv/Control/src/pid.o" --specs=nano.specs -mfpu=fpv4-sp-d16 -mfloat-abi=hard -mthumb -o "Middlewares/Third_Party/Agv/Control/src/pid.o"
../Middlewares/Third_Party/Agv/Control/src/pid.c: In function 'Ctrl_pid_create':
../Middlewares/Third_Party/Agv/Control/src/pid.c:69:5: warning: implicit declaration of function 'memset' [-Wimplicit-function-declaration]
   69 |     memset(&impl->vel_des, 0, sizeof(Twist2D));
      |     ^~~~~~
../Middlewares/Third_Party/Agv/Control/src/pid.c:12:1: note: include '<string.h>' or provide a declaration of 'memset'
   11 | #include "semphr.h"
  +++ |+#include <string.h>
   12 | 
../Middlewares/Third_Party/Agv/Control/src/pid.c:69:5: warning: incompatible implicit declaration of built-in function 'memset' [-Wbuiltin-declaration-mismatch]
   69 |     memset(&impl->vel_des, 0, sizeof(Twist2D));
      |     ^~~~~~
../Middlewares/Third_Party/Agv/Control/src/pid.c:69:5: note: include '<string.h>' or provide a declaration of 'memset'
../Middlewares/Third_Party/Agv/Control/src/pid.c:72:15: warning: assignment discards 'const' qualifier from pointer target type [-Wdiscarded-qualifiers]
   72 |     out->name = name;
      |               ^
../Middlewares/Third_Party/Agv/Control/src/pid.c: In function 'pid_set_des_vel':
../Middlewares/Third_Party/Agv/Control/src/pid.c:115:5: warning: implicit declaration of function 'memcpy' [-Wimplicit-function-declaration]
  115 |     memcpy(&impl->vel_des, cmd_in, sizeof(impl->vel_des));
      |     ^~~~~~
../Middlewares/Third_Party/Agv/Control/src/pid.c:115:5: note: include '<string.h>' or provide a declaration of 'memcpy'
../Middlewares/Third_Party/Agv/Control/src/pid.c:115:5: warning: incompatible implicit declaration of built-in function 'memcpy' [-Wbuiltin-declaration-mismatch]
../Middlewares/Third_Party/Agv/Control/src/pid.c:115:5: note: include '<string.h>' or provide a declaration of 'memcpy'
../Middlewares/Third_Party/Agv/Control/src/pid.c: In function 'pid_set_curr_vel':
../Middlewares/Third_Party/Agv/Control/src/pid.c:127:5: warning: incompatible implicit declaration of built-in function 'memcpy' [-Wbuiltin-declaration-mismatch]
  127 |     memcpy(&impl->vel_curr, curr_vel, sizeof(impl->vel_curr));
      |     ^~~~~~
../Middlewares/Third_Party/Agv/Control/src/pid.c:127:5: note: include '<string.h>' or provide a declaration of 'memcpy'
arm-none-eabi-gcc -o "Motor_bridge.elf" @"objects.list"   -mcpu=cortex-m4 -T"C:\Users\liushaw\Desktop\STM32F407\Motor_bridge\STM32F407VGTX_FLASH.ld" --specs=nosys.specs -Wl,-Map="Motor_bridge.map" -Wl,--gc-sections -static --specs=nano.specs -mfpu=fpv4-sp-d16 -mfloat-abi=hard -mthumb -u _printf_float -u _scanf_float -Wl,--start-group -lc -lm -Wl,--end-group
Finished building target: Motor_bridge.elf
 
arm-none-eabi-size  Motor_bridge.elf 
arm-none-eabi-objdump -h -S Motor_bridge.elf  > "Motor_bridge.list"
   text	   data	    bss	    dec	    hex	filename
  79972	    472	  88256	 168700	  292fc	Motor_bridge.elf
Finished building: default.size.stdout
 
Finished building: Motor_bridge.list
 
